Date,Open,High,Low,Close,Adj Close,Volume
19-Sep-19,49.97,49.99,49.64,49.64,41.96,"1,200"
20-Sep-19,49.99,49.99,49.67,49.67,41.98,"2,600"
23-Sep-19,50.04,50.04,49.22,49.69,41.99,"13,700"
24-Sep-19,49.75,49.75,49.21,49.32,41.69,"1,900"
25-Sep-19,49.35,49.52,49.25,49.31,41.68,"11,400"
26-Sep-19,49.37,49.69,49.26,49.31,41.68,"4,800"
27-Sep-19,48.68,48.73,48.57,48.73,41.19,"1,100"
30-Sep-19,49.27,49.27,48.94,48.94,41.37,"1,400"
01-Oct-19,48.7,48.75,48.65,48.72,41.18,"11,000"
02-Oct-19,48.26,48.44,48.26,48.36,40.87,"3,600"
03-Oct-19,48.84,48.97,48.77,48.9,41.33,"2,000"
04-Oct-19,49.07,49.14,49.07,49.13,41.52,"10,400"
07-Oct-19,49.06,49.06,48.99,48.99,41.4,"51,600"
08-Oct-19,48.85,48.89,48.76,48.76,41.21,"22,300"
09-Oct-19,49.23,49.23,48.96,48.96,41.38,300
10-Oct-19,49.59,49.59,49.36,49.42,41.77,"20,800"
11-Oct-19,50.33,50.38,50.25,50.25,42.47,300
14-Oct-19,50.2,50.3,49.99,49.99,42.25,"9,800"
15-Oct-19,50.33,50.47,50.33,50.33,42.54,"2,700"
16-Oct-19,50.34,50.43,50.33,50.43,42.62,"25,800"
17-Oct-19,50.85,50.85,50.54,50.62,42.79,"14,400"
18-Oct-19,50.45,50.56,50.43,50.43,42.62,900
21-Oct-19,50.61,50.72,50.6,50.68,42.83,"3,500"
22-Oct-19,50.82,50.9,50.69,50.74,42.89,"7,800"
23-Oct-19,50.57,50.84,50.57,50.78,42.92,"55,000"
24-Oct-19,50.9,50.92,50.79,50.92,43.03,"1,453,300"
25-Oct-19,51.25,51.25,51.15,51.21,43.28,"1,300"
28-Oct-19,51.51,51.63,51.51,51.55,43.57,"8,800"
29-Oct-19,51.29,51.48,51.22,51.27,43.33,"48,900"
30-Oct-19,51.15,51.28,51.15,51.25,43.31,"2,100"
31-Oct-19,51.03,51.06,50.92,51.03,43.13,"10,800"
01-Nov-19,51.89,51.89,51.78,51.83,43.81,"3,700"
04-Nov-19,52.45,52.61,52.28,52.34,44.24,"6,800"
05-Nov-19,52.4,52.6,52.14,52.6,44.46,"18,500"
06-Nov-19,52.08,52.46,52.08,52.46,44.34,700
07-Nov-19,52.43,53.13,52.43,52.86,44.68,"5,500"
08-Nov-19,52.46,52.55,52.35,52.35,44.25,"6,200"
11-Nov-19,51.95,51.95,51.81,51.89,43.86,"15,700"
12-Nov-19,51.82,51.86,51.53,51.53,43.55,"2,000"
13-Nov-19,51.12,51.22,51.12,51.22,43.3,"1,900"
14-Nov-19,51.3,51.3,51.17,51.24,43.31,"1,200"
15-Nov-19,51.78,51.83,51.69,51.69,43.69,"9,300"
18-Nov-19,51.77,51.81,51.68,51.68,43.68,"2,200"
19-Nov-19,51.86,51.95,51.8,51.93,43.89,"6,600"
20-Nov-19,51.67,51.95,51.47,51.54,43.56,"40,400"
21-Nov-19,51.24,51.36,51.24,51.36,43.41,300
22-Nov-19,51.29,51.36,51.29,51.36,43.41,"1,200"
25-Nov-19,51.84,51.89,51.84,51.88,43.85,"17,100"
26-Nov-19,51.49,51.7,51.39,51.7,43.7,"8,000"
27-Nov-19,51.59,51.69,51.59,51.69,43.69,300
29-Nov-19,51.1,51.1,51.05,51.05,43.15,"3,500"
02-Dec-19,51.12,51.14,50.99,50.99,43.1,"27,200"
03-Dec-19,50.68,50.72,50.57,50.72,42.87,"3,400"
04-Dec-19,51.17,51.2,51.16,51.19,43.27,"5,700"
05-Dec-19,51.29,51.53,51.29,51.52,43.55,"21,700"
06-Dec-19,51.64,51.89,51.64,51.89,43.86,"1,000"
09-Dec-19,52.03,52.08,51.74,51.74,43.73,"15,000"
10-Dec-19,51.9,51.98,51.9,51.93,43.89,"1,400"
11-Dec-19,52.33,52.66,52.33,52.66,44.51,"3,700"
12-Dec-19,53.45,53.65,53.28,53.65,45.35,"5,300"
13-Dec-19,53.72,53.81,53.61,53.81,45.48,"8,800"
16-Dec-19,54.31,54.38,54.14,54.23,45.84,"22,600"
17-Dec-19,54.57,54.59,54.29,54.39,45.97,"22,400"
18-Dec-19,54.56,54.65,54.56,54.61,46.16,"13,200"
19-Dec-19,54.42,54.53,54.42,54.51,46.07,"9,500"
20-Dec-19,54.55,54.7,54.55,54.69,46.23,"8,200"
23-Dec-19,54.44,54.62,54.37,54.59,46.3,"1,700"
24-Dec-19,54.49,54.49,54.46,54.46,46.19,"2,400"
26-Dec-19,54.76,54.84,54.76,54.78,46.46,"1,200"
27-Dec-19,54.99,55.09,54.94,55.01,46.66,"3,600"
30-Dec-19,54.91,54.91,54.82,54.83,46.51,"7,500"
31-Dec-19,54.92,54.98,54.82,54.97,46.63,"14,700"
02-Jan-20,55.6,55.85,55.54,55.73,47.27,"31,700"
03-Jan-20,54.91,55.13,54.83,54.85,46.52,"21,400"
06-Jan-20,54.31,54.67,54.31,54.62,46.33,"12,300"
07-Jan-20,54.52,54.67,54.52,54.63,46.33,"4,000"
08-Jan-20,54.6,55.2,54.59,54.83,46.5,"8,700"
09-Jan-20,55.3,55.35,55.19,55.19,46.81,"13,700"
10-Jan-20,55.42,55.71,55.42,55.47,47.05,"8,100"
13-Jan-20,55.89,56.26,55.78,56.18,47.65,"10,400"
14-Jan-20,55.77,55.86,55.75,55.86,47.38,"10,300"
15-Jan-20,55.7,55.72,55.4,55.58,47.15,"12,100"
16-Jan-20,55.8,56.0,55.8,55.89,47.4,"10,000"
17-Jan-20,56.08,56.23,56.06,56.23,47.69,"7,900"
21-Jan-20,55.24,55.24,54.92,54.92,46.59,"10,100"
22-Jan-20,55.45,55.47,55.28,55.33,46.92,"3,800"
23-Jan-20,54.65,54.91,54.21,54.86,46.53,"24,000"
24-Jan-20,54.89,54.99,54.35,54.42,46.16,"17,700"
27-Jan-20,52.42,52.83,52.42,52.64,44.65,"9,400"
28-Jan-20,52.83,53.23,52.83,53.17,45.09,"2,500"
29-Jan-20,53.57,53.62,53.35,53.36,45.26,"5,200"
30-Jan-20,52.04,52.53,51.99,52.53,44.55,"14,700"
31-Jan-20,51.63,51.63,51.22,51.44,43.63,"12,600"
03-Feb-20,51.98,52.06,51.81,51.87,43.99,"25,100"
04-Feb-20,53.26,53.34,53.1,53.1,45.04,"3,800"
05-Feb-20,53.85,53.85,53.26,53.44,45.33,"3,300"
06-Feb-20,53.63,53.72,53.51,53.53,45.41,"4,400"
07-Feb-20,52.85,53.01,52.64,52.71,44.7,"15,000"
10-Feb-20,52.9,53.06,52.73,52.98,44.94,"4,500"
11-Feb-20,53.6,53.79,53.57,53.62,45.47,"3,700"
12-Feb-20,54.23,54.4,54.22,54.4,46.14,"1,300"
13-Feb-20,53.97,53.97,53.78,53.87,45.69,"1,300"
14-Feb-20,54.25,54.25,53.8,53.94,45.75,"19,900"
18-Feb-20,53.48,53.61,53.48,53.51,45.38,"3,500"
19-Feb-20,53.9,53.96,53.86,53.86,45.68,"5,300"
20-Feb-20,53.4,53.51,52.86,53.01,44.96,"11,000"
21-Feb-20,52.97,52.97,52.74,52.78,44.76,"10,100"
24-Feb-20,50.62,51.06,50.62,50.81,43.09,"39,300"
25-Feb-20,51.54,51.54,50.3,50.34,42.7,"42,200"
26-Feb-20,50.89,51.19,50.56,50.65,42.96,"9,600"
27-Feb-20,50.11,50.66,49.4,49.4,41.9,"12,300"
28-Feb-20,48.08,49.22,47.83,49.22,41.75,"46,800"
02-Mar-20,49.16,49.81,48.96,49.81,42.25,"22,700"
03-Mar-20,50.27,51.04,49.44,49.91,42.33,"139,600"
04-Mar-20,50.55,50.7,50.19,50.7,43.0,"131,500"
05-Mar-20,50.3,50.31,49.43,49.8,42.24,"295,700"
06-Mar-20,49.04,49.1,48.4,48.82,41.41,"36,400"
09-Mar-20,45.59,46.05,45.36,45.52,38.61,"28,700"
10-Mar-20,47.19,47.69,46.2,47.41,40.21,"59,000"
11-Mar-20,46.63,46.63,44.48,45.09,38.24,"31,100"
12-Mar-20,41.85,43.38,40.3,40.58,34.41,"37,600"
13-Mar-20,43.04,43.82,41.27,43.14,36.59,"54,500"
16-Mar-20,38.74,40.56,38.53,38.97,33.05,"111,500"
17-Mar-20,39.6,40.1,37.67,39.89,33.83,"431,400"
18-Mar-20,36.82,37.72,35.79,36.57,31.02,"139,500"
19-Mar-20,35.79,36.92,35.71,36.56,31.01,"96,900"
20-Mar-20,38.16,38.52,36.65,36.65,31.09,"79,900"
23-Mar-20,39.34,39.34,35.21,35.96,30.5,"84,400"
24-Mar-20,38.56,38.6,37.9,38.58,32.72,"124,100"
25-Mar-20,39.52,40.31,38.72,39.74,33.71,"124,700"
26-Mar-20,40.4,41.19,40.21,41.15,34.9,"103,700"
27-Mar-20,39.04,39.53,38.63,38.95,33.04,"103,200"
30-Mar-20,39.01,39.58,38.85,39.58,33.57,"86,500"
31-Mar-20,39.73,40.27,39.55,39.72,33.69,"142,700"
01-Apr-20,38.59,38.76,38.08,38.1,32.32,"83,000"
02-Apr-20,39.32,39.6,38.87,39.29,33.32,"23,200"
03-Apr-20,39.33,39.33,38.36,38.54,32.69,"73,900"
06-Apr-20,40.38,40.79,40.24,40.62,34.45,"15,900"
07-Apr-20,42.13,42.13,40.93,41.14,34.89,"65,300"
08-Apr-20,41.25,41.57,41.13,41.57,35.26,"155,000"
09-Apr-20,41.92,42.43,41.47,41.56,35.25,"74,700"
13-Apr-20,41.77,42.0,41.21,41.21,34.95,"75,200"
14-Apr-20,42.68,42.87,42.07,42.76,36.27,"43,800"
15-Apr-20,41.65,41.98,41.57,41.7,35.37,"23,100"
16-Apr-20,42.22,42.27,41.75,41.99,35.61,"28,200"
17-Apr-20,43.08,43.08,42.6,42.83,36.33,"20,400"
20-Apr-20,42.46,42.85,42.21,42.39,35.95,"33,600"
21-Apr-20,41.39,41.63,41.1,41.21,34.95,"23,300"
22-Apr-20,42.45,42.47,42.25,42.25,35.84,"108,600"
23-Apr-20,42.69,42.9,42.25,42.25,35.84,"31,100"
24-Apr-20,42.2,42.2,41.69,42.09,35.7,"35,400"
27-Apr-20,42.67,42.97,42.57,42.97,36.45,"27,700"
28-Apr-20,43.48,43.52,43.03,43.03,36.5,"47,500"
29-Apr-20,43.82,44.33,43.82,44.22,37.51,"12,900"
30-Apr-20,44.0,44.18,43.2,43.39,36.8,"20,500"
01-May-20,42.33,42.43,41.81,41.88,35.52,"13,500"
04-May-20,42.14,42.44,42.04,42.42,35.98,"46,300"
05-May-20,42.91,43.11,42.57,42.6,36.13,"38,000"
06-May-20,42.61,42.65,42.41,42.41,35.97,"21,200"
07-May-20,42.93,42.94,42.66,42.75,36.26,"43,200"
08-May-20,43.5,43.66,43.44,43.54,36.93,"28,800"
11-May-20,43.39,43.52,43.3,43.33,36.76,"19,000"
12-May-20,43.67,43.95,43.12,43.12,36.57,"28,100"
13-May-20,43.51,43.6,42.77,42.98,36.45,"37,900"
14-May-20,42.22,43.09,42.15,43.09,36.55,"47,500"
15-May-20,42.57,42.74,42.4,42.54,36.09,"24,500"
18-May-20,43.58,44.1,43.58,44.08,37.39,"23,300"
19-May-20,44.11,44.12,43.72,43.72,37.08,"17,100"
20-May-20,44.43,44.61,44.24,44.25,37.53,"15,500"
21-May-20,44.34,44.36,43.78,43.9,37.23,"16,400"
22-May-20,43.23,43.23,42.95,42.97,36.45,"11,400"
26-May-20,44.33,44.58,44.01,44.01,37.33,"10,500"
27-May-20,44.3,44.37,43.8,44.27,37.55,"33,800"
28-May-20,44.39,44.6,44.06,44.06,37.37,"45,200"
29-May-20,44.2,44.83,44.1,44.72,37.93,"23,000"
01-Jun-20,45.07,45.79,45.07,45.65,38.72,"19,400"
02-Jun-20,46.22,46.8,46.22,46.76,39.66,"14,500"
03-Jun-20,47.46,47.9,47.46,47.89,40.62,"8,200"
04-Jun-20,47.26,47.56,47.13,47.25,40.08,"17,600"
05-Jun-20,48.85,48.87,48.55,48.55,41.18,"12,300"
08-Jun-20,48.51,48.99,48.46,48.96,41.53,"105,900"
09-Jun-20,48.27,48.7,48.27,48.63,41.25,"127,400"
10-Jun-20,48.59,48.99,48.5,48.83,41.41,"86,100"
11-Jun-20,47.23,47.51,46.3,46.35,39.31,"36,000"
12-Jun-20,47.45,47.45,46.72,47.29,40.11,"16,400"
15-Jun-20,46.04,47.08,46.04,46.86,39.75,"20,700"
16-Jun-20,47.85,47.96,47.1,47.16,40.0,"22,000"
17-Jun-20,47.71,47.73,47.53,47.53,40.31,"11,300"
18-Jun-20,47.66,47.82,47.56,47.6,40.37,"6,200"
19-Jun-20,48.16,48.16,47.71,47.71,40.47,"31,400"
22-Jun-20,48.01,48.31,48.01,48.15,40.84,"8,500"
23-Jun-20,48.38,48.49,48.17,48.17,41.15,"17,400"
24-Jun-20,48.07,48.07,47.25,47.57,40.64,"13,200"
25-Jun-20,47.47,47.77,47.38,47.71,40.76,"11,700"
26-Jun-20,47.58,47.58,47.09,47.2,40.33,"22,400"
29-Jun-20,47.13,47.34,47.04,47.33,40.44,"15,200"
30-Jun-20,47.24,47.38,47.16,47.3,40.41,"11,300"
01-Jul-20,47.79,47.89,47.58,47.79,40.83,"9,200"
02-Jul-20,49.08,49.08,48.72,48.76,41.66,"7,300"
06-Jul-20,50.59,50.8,50.59,50.75,43.36,"22,300"
07-Jul-20,50.2,50.37,49.92,49.92,42.65,"10,400"
08-Jul-20,50.55,51.04,50.44,50.99,43.56,"9,700"
09-Jul-20,51.17,51.17,50.6,50.91,43.5,"8,800"
10-Jul-20,50.47,50.71,50.44,50.63,43.26,"7,600"
13-Jul-20,51.32,51.44,50.39,50.39,43.05,"5,500"
14-Jul-20,49.87,50.56,49.87,50.56,43.2,"10,100"
15-Jul-20,50.75,50.88,50.49,50.69,43.31,"6,000"
16-Jul-20,49.83,50.14,49.76,50.12,42.82,"16,100"
17-Jul-20,50.29,50.51,50.29,50.4,43.06,"4,600"
20-Jul-20,50.8,51.18,50.77,51.16,43.71,"7,900"
21-Jul-20,51.73,51.73,51.44,51.49,43.99,"46,600"
22-Jul-20,51.37,51.4,51.17,51.33,43.85,"9,100"
23-Jul-20,51.27,51.39,50.75,50.75,43.36,"9,500"
24-Jul-20,50.48,50.83,50.48,50.76,43.37,"5,600"
27-Jul-20,51.13,51.54,51.03,51.44,43.95,"11,900"
28-Jul-20,51.34,51.34,51.11,51.13,43.68,"40,000"
29-Jul-20,51.56,51.92,51.56,51.92,44.36,"21,000"
30-Jul-20,51.42,51.47,51.04,51.47,43.97,"3,600"
31-Jul-20,51.44,51.44,50.82,51.11,43.67,"20,100"
03-Aug-20,51.44,51.56,51.44,51.49,43.99,"6,100"
04-Aug-20,51.8,52.02,51.8,52.01,44.44,"7,300"
05-Aug-20,52.79,52.85,52.64,52.71,45.03,"11,300"
06-Aug-20,52.61,52.86,52.5,52.82,45.13,"5,100"
07-Aug-20,52.1,52.26,51.86,52.03,44.45,"6,100"
10-Aug-20,52.02,52.2,51.95,52.19,44.59,"5,700"
11-Aug-20,52.57,52.61,52.18,52.18,44.58,"11,300"
12-Aug-20,52.72,52.72,52.62,52.67,45.0,"1,500"
13-Aug-20,52.66,52.72,52.24,52.55,44.9,"17,200"
14-Aug-20,52.37,52.46,52.33,52.45,44.81,"18,800"
17-Aug-20,52.95,52.99,52.85,52.91,45.2,"7,800"
18-Aug-20,52.95,52.95,52.79,52.9,45.2,"6,200"
19-Aug-20,52.85,52.85,52.4,52.4,44.77,"1,800"
20-Aug-20,51.4,51.97,51.4,51.95,44.39,"9,000"
21-Aug-20,51.87,52.17,51.87,52.17,44.58,"6,600"
24-Aug-20,52.79,52.83,52.63,52.69,45.02,"17,500"
25-Aug-20,52.87,53.21,52.87,53.2,45.45,"8,600"
26-Aug-20,53.23,53.31,53.21,53.3,45.54,"2,700"
27-Aug-20,53.19,53.19,52.69,52.94,45.23,"6,800"
28-Aug-20,53.21,53.59,53.21,53.56,45.76,"4,200"
31-Aug-20,52.67,52.67,52.34,52.49,44.85,"14,500"
01-Sep-20,52.92,53.23,52.92,53.22,45.47,"6,300"
02-Sep-20,52.93,53.29,52.88,53.27,45.51,"6,300"
03-Sep-20,53.03,53.04,52.25,52.51,44.86,"37,300"
04-Sep-20,52.53,52.63,51.77,52.5,44.85,"59,800"
08-Sep-20,51.53,51.94,51.53,51.66,44.14,"6,000"
09-Sep-20,52.15,52.44,52.04,52.37,44.75,"30,300"
10-Sep-20,52.28,52.28,51.65,51.65,44.13,"9,300"
11-Sep-20,52.08,52.21,51.7,51.91,44.35,"14,900"
14-Sep-20,52.66,52.83,52.62,52.79,45.1,"19,500"
15-Sep-20,53.29,53.51,53.25,53.31,45.54,"19,600"
16-Sep-20,53.41,53.62,53.28,53.28,45.52,"11,500"
17-Sep-20,52.75,53.19,52.71,53.09,45.36,"16,000"
18-Sep-20,53.47,53.47,52.76,52.79,45.1,"28,800"
21-Sep-20,51.7,51.95,51.38,51.94,44.38,"8,800"
22-Sep-20,51.49,51.68,51.39,51.63,44.11,"7,700"
23-Sep-20,51.21,51.21,50.81,50.81,43.41,"8,500"
24-Sep-20,50.01,50.77,50.01,50.55,43.19,"89,800"
25-Sep-20,50.18,50.45,50.0,50.45,43.1,"19,300"
28-Sep-20,51.24,51.25,50.97,51.12,43.67,"9,000"
29-Sep-20,51.65,51.65,50.99,51.08,43.64,"18,600"
30-Sep-20,51.52,51.81,51.52,51.73,44.2,"10,100"
01-Oct-20,52.12,52.22,51.89,52.12,44.53,"46,100"
02-Oct-20,51.65,51.94,51.61,51.7,44.17,"26,200"
05-Oct-20,51.94,52.4,51.94,52.39,44.76,"10,800"
06-Oct-20,52.61,52.74,52.2,52.27,44.66,"27,900"
07-Oct-20,52.85,52.97,52.8,52.85,45.15,"7,100"
08-Oct-20,53.06,53.39,53.06,53.26,45.5,"23,900"
09-Oct-20,53.44,53.73,53.41,53.68,45.86,"5,900"
12-Oct-20,53.83,54.09,53.83,54.01,46.14,"5,600"
13-Oct-20,54.91,54.91,53.57,53.77,45.94,"12,600"
14-Oct-20,53.91,53.94,53.61,53.63,45.82,"15,100"
15-Oct-20,52.78,53.24,52.78,53.16,45.42,"18,000"
16-Oct-20,53.29,53.45,53.27,53.35,45.58,"17,400"
19-Oct-20,53.57,53.62,53.12,53.12,45.38,"9,300"
20-Oct-20,53.79,54.05,53.76,53.84,46.0,"14,300"
21-Oct-20,54.17,54.19,53.96,53.97,46.11,"9,500"
22-Oct-20,53.99,54.1,53.7,54.1,46.22,"1,087,300"
23-Oct-20,54.06,54.16,53.85,54.09,46.21,"38,600"
26-Oct-20,53.67,53.67,53.23,53.48,45.69,"23,000"
27-Oct-20,53.61,53.78,53.54,53.64,45.83,"651,100"
28-Oct-20,52.66,52.66,52.21,52.21,44.61,"33,900"
29-Oct-20,52.26,52.88,52.26,52.71,45.03,"26,300"
30-Oct-20,52.26,52.28,51.88,52.07,44.49,"13,500"
02-Nov-20,52.61,52.71,52.37,52.68,45.01,"15,300"
03-Nov-20,53.12,53.42,52.89,53.24,45.49,"47,300"
04-Nov-20,53.71,54.65,53.71,54.45,46.52,"29,800"
05-Nov-20,55.69,55.88,55.26,55.68,47.57,"14,800"
06-Nov-20,55.73,56.08,55.72,55.97,47.82,"15,200"
09-Nov-20,57.1,57.21,56.59,56.59,48.35,"57,200"
10-Nov-20,56.39,56.39,55.95,56.14,47.96,"46,000"
11-Nov-20,56.31,56.61,56.25,56.59,48.35,"34,500"
12-Nov-20,56.6,56.72,55.99,56.08,47.91,"23,600"
13-Nov-20,56.68,56.93,56.57,56.87,48.58,"17,600"
16-Nov-20,57.5,57.76,57.35,57.62,49.23,"24,800"
17-Nov-20,57.43,57.6,57.25,57.49,49.12,"31,100"
18-Nov-20,57.89,57.89,57.57,57.59,49.2,"23,000"
19-Nov-20,57.29,57.64,57.29,57.56,49.18,"17,600"
20-Nov-20,57.74,57.96,57.71,57.87,49.44,"23,100"
23-Nov-20,58.35,58.37,58.0,58.16,49.69,"50,000"
24-Nov-20,58.52,58.85,58.42,58.79,50.23,"21,000"
25-Nov-20,58.29,58.76,58.19,58.53,50.01,"47,900"
27-Nov-20,59.09,59.27,59.09,59.19,50.57,"14,900"
30-Nov-20,58.57,58.57,57.86,57.96,49.52,"39,200"
01-Dec-20,58.9,59.22,58.82,59.1,50.49,"18,100"
02-Dec-20,58.96,59.28,58.78,59.13,50.52,"18,400"
03-Dec-20,59.65,59.85,59.58,59.59,50.91,"18,000"
04-Dec-20,60.03,60.26,60.0,60.26,51.48,"20,000"
07-Dec-20,60.25,60.62,60.09,60.21,51.44,"22,400"
08-Dec-20,60.19,60.39,60.0,60.17,51.41,"42,600"
09-Dec-20,60.31,60.31,59.46,59.79,51.08,"45,600"
10-Dec-20,59.69,60.56,59.69,60.52,51.71,"35,300"
11-Dec-20,60.04,60.26,59.98,60.1,51.35,"35,900"
14-Dec-20,60.27,60.29,60.08,60.08,51.33,"19,200"
15-Dec-20,60.22,60.76,60.22,60.61,51.78,"38,500"
16-Dec-20,60.83,61.06,60.78,61.04,52.15,"25,500"
17-Dec-20,60.55,60.65,60.45,60.64,52.36,"28,400"
18-Dec-20,60.53,60.68,60.45,60.53,52.27,"21,900"
21-Dec-20,59.25,59.98,59.25,59.79,51.62,"47,600"
22-Dec-20,59.55,59.55,59.2,59.33,51.22,"71,700"
23-Dec-20,59.97,60.17,59.91,60.02,51.82,"31,500"
24-Dec-20,60.03,60.34,59.88,60.01,51.81,"33,100"
28-Dec-20,60.49,60.58,60.35,60.36,52.12,"48,100"
29-Dec-20,60.96,61.13,60.82,61.02,52.69,"58,600"
30-Dec-20,61.76,61.98,61.71,61.88,53.43,"37,100"
31-Dec-20,62.17,62.17,61.52,61.78,53.34,"58,100"
04-Jan-21,62.53,63.09,62.14,62.28,53.78,"77,000"
05-Jan-21,62.65,63.45,62.65,63.39,54.73,"74,000"
06-Jan-21,63.1,63.74,63.04,63.15,54.53,"60,400"
07-Jan-21,63.54,63.88,63.4,63.88,55.16,"35,500"
08-Jan-21,65.06,65.27,64.68,65.25,56.34,"31,300"
11-Jan-21,64.45,64.8,64.45,64.61,55.79,"24,500"
12-Jan-21,64.86,65.07,64.86,65.07,56.18,"35,000"
13-Jan-21,64.94,65.28,64.86,65.08,56.19,"28,900"
14-Jan-21,65.74,66.19,65.74,65.83,56.84,"42,100"
15-Jan-21,65.04,65.05,64.49,64.78,55.93,"72,200"
19-Jan-21,66.23,66.23,65.92,65.97,56.96,"49,500"
20-Jan-21,66.98,67.01,66.65,66.92,57.78,"53,500"
21-Jan-21,66.77,67.05,66.68,67.01,57.86,"72,400"
22-Jan-21,66.06,66.42,66.06,66.36,57.3,"61,400"
25-Jan-21,67.03,67.03,66.26,66.77,57.65,"26,600"
26-Jan-21,66.62,67.09,66.19,66.47,57.4,"50,600"
27-Jan-21,65.43,65.43,64.67,64.77,55.92,"55,800"
28-Jan-21,64.61,65.34,64.53,65.1,56.21,"70,100"
29-Jan-21,63.96,63.99,63.08,63.4,54.74,"66,700"
01-Feb-21,64.71,65.14,64.54,65.11,56.22,"38,700"
02-Feb-21,66.12,66.12,65.84,66.06,57.04,"40,400"
03-Feb-21,66.52,66.6,66.25,66.4,57.33,"46,700"
04-Feb-21,66.4,66.43,66.05,66.43,57.36,"29,500"
05-Feb-21,66.81,66.98,66.6,66.88,57.75,"1,174,400"
08-Feb-21,66.62,67.38,66.62,67.31,58.11,"43,400"
09-Feb-21,67.39,67.99,67.33,67.97,58.69,"43,500"
10-Feb-21,68.49,68.54,67.74,68.08,58.78,"43,400"
11-Feb-21,68.86,69.01,68.57,68.88,59.47,"45,400"
12-Feb-21,68.75,69.09,68.51,68.96,59.54,"30,800"
16-Feb-21,69.57,69.63,69.17,69.27,59.81,"57,200"
17-Feb-21,69.28,69.38,68.9,69.33,59.86,"80,800"
18-Feb-21,68.36,68.52,67.86,68.43,59.08,"54,100"
19-Feb-21,68.98,69.29,68.85,69.02,59.59,"31,700"
22-Feb-21,67.34,68.02,67.34,67.41,58.2,"51,100"
23-Feb-21,67.0,67.8,66.43,67.59,58.36,"29,200"
24-Feb-21,66.61,67.21,66.27,67.2,58.02,"47,100"
25-Feb-21,67.38,67.69,65.95,66.09,57.06,"78,400"
26-Feb-21,65.65,65.65,64.87,65.3,56.39,"76,700"
01-Mar-21,68.91,68.91,66.49,66.94,57.8,"63,000"
02-Mar-21,66.45,66.67,66.15,66.42,57.35,"46,000"
03-Mar-21,66.74,66.74,66.1,66.26,57.21,"36,300"
04-Mar-21,66.01,66.37,64.54,64.98,56.11,"431,900"
05-Mar-21,65.61,65.67,64.49,65.58,56.62,"62,200"
08-Mar-21,64.55,64.62,63.72,63.81,55.1,"368,000"
09-Mar-21,65.52,65.58,64.5,65.2,56.3,"94,800"
10-Mar-21,65.5,65.5,64.71,64.94,56.07,"67,600"
11-Mar-21,66.43,66.98,66.16,66.97,57.82,"366,900"
12-Mar-21,65.9,66.15,65.64,66.14,57.11,"40,200"
15-Mar-21,65.95,66.35,65.75,66.28,57.23,"91,000"
16-Mar-21,66.58,66.79,66.36,66.6,57.5,"52,400"
17-Mar-21,65.97,66.94,65.74,66.79,57.67,"68,100"
18-Mar-21,66.2,66.37,65.67,65.7,56.73,"37,700"
19-Mar-21,65.82,66.42,65.47,66.21,57.17,"55,900"
22-Mar-21,66.15,66.56,65.98,66.35,57.29,"51,000"
23-Mar-21,65.45,65.6,65.02,65.07,56.18,"50,300"
24-Mar-21,64.68,64.68,63.59,63.64,54.95,"81,000"
25-Mar-21,63.49,63.97,63.37,63.8,55.09,"55,300"
26-Mar-21,64.43,65.2,64.08,65.19,56.29,"46,100"
29-Mar-21,64.97,65.09,64.61,64.97,56.1,"54,400"
30-Mar-21,64.94,65.4,64.83,65.35,56.42,"20,400"
31-Mar-21,65.21,65.74,65.21,65.71,56.74,"57,600"
01-Apr-21,66.48,66.48,66.18,66.25,57.2,"59,600"
05-Apr-21,66.61,66.61,66.27,66.49,57.41,"76,900"
06-Apr-21,66.56,67.02,66.56,66.79,57.67,"126,200"
07-Apr-21,66.22,66.36,66.01,66.07,57.05,"65,400"
08-Apr-21,66.89,67.03,66.72,66.77,57.65,"84,900"
09-Apr-21,66.22,66.34,66.1,66.23,57.18,"46,200"
12-Apr-21,65.79,65.79,65.43,65.63,56.67,"474,300"
13-Apr-21,65.76,66.2,65.76,66.02,57.0,"64,900"
14-Apr-21,66.44,66.62,66.25,66.36,57.3,"46,400"
15-Apr-21,66.76,66.85,66.63,66.83,57.7,"78,000"
16-Apr-21,67.2,67.34,66.97,67.28,58.09,"40,900"
19-Apr-21,67.29,67.43,67.03,67.18,58.0,"64,700"
20-Apr-21,67.19,67.35,66.6,66.85,57.72,"81,900"
21-Apr-21,66.67,67.45,66.66,67.45,58.24,"69,000"
22-Apr-21,67.41,67.49,66.94,67.12,57.95,"49,900"
23-Apr-21,67.65,68.02,67.65,68.0,58.71,"32,800"
26-Apr-21,68.12,68.35,68.0,68.29,58.96,"45,300"
27-Apr-21,68.41,68.47,68.27,68.31,58.98,"27,200"
28-Apr-21,68.51,68.92,68.45,68.73,59.34,"53,400"
29-Apr-21,68.95,68.95,68.11,68.49,59.14,"54,100"
30-Apr-21,67.82,67.92,67.4,67.46,58.25,"71,000"
03-May-21,67.43,67.63,67.22,67.39,58.18,"30,400"
04-May-21,66.81,66.9,66.23,66.62,57.52,"49,100"
05-May-21,67.05,67.21,66.84,67.07,57.91,"33,000"
06-May-21,67.43,67.79,67.26,67.79,58.53,"69,400"
07-May-21,68.2,68.69,68.14,68.39,59.05,"52,600"
10-May-21,68.49,68.49,67.71,67.71,58.46,"55,000"
11-May-21,66.4,67.43,66.29,67.35,58.15,"346,900"
12-May-21,66.14,66.32,65.33,65.38,56.45,"119,000"
13-May-21,65.54,65.94,65.05,65.43,56.49,"86,900"
14-May-21,65.99,66.4,65.89,66.31,57.25,"74,100"
17-May-21,66.4,66.4,65.45,65.93,56.93,"64,400"
18-May-21,66.89,67.22,66.8,66.95,57.81,"63,700"
19-May-21,66.22,66.91,66.19,66.77,57.65,"95,400"
20-May-21,66.8,67.18,66.8,67.14,57.97,"31,400"
21-May-21,67.13,67.13,66.48,66.52,57.44,"46,000"
24-May-21,67.0,67.31,66.84,67.23,58.05,"52,200"
25-May-21,67.78,67.92,67.58,67.65,58.41,"56,000"
26-May-21,68.01,68.25,68.01,68.24,58.92,"39,200"
27-May-21,68.46,68.63,68.42,68.6,59.23,"39,300"
28-May-21,68.71,69.08,68.71,68.96,59.55,"50,600"
01-Jun-21,70.31,70.31,69.93,70.18,60.6,"38,800"
02-Jun-21,70.18,70.47,70.18,70.42,60.8,"60,200"
03-Jun-21,69.96,69.96,69.71,69.81,60.28,"61,700"
04-Jun-21,70.17,70.47,70.17,70.46,60.84,"56,400"
07-Jun-21,70.2,70.21,69.93,70.18,60.6,"83,500"
08-Jun-21,69.87,69.98,69.71,69.87,60.33,"50,500"
09-Jun-21,69.83,69.91,69.64,69.67,60.15,"23,100"
10-Jun-21,69.91,70.2,69.91,70.2,60.61,"15,300"
11-Jun-21,70.08,70.08,69.8,69.91,60.36,"26,100"
14-Jun-21,70.12,70.28,70.0,70.13,60.55,"29,700"
15-Jun-21,70.06,70.06,69.68,69.73,60.21,"29,900"
16-Jun-21,69.64,69.72,68.66,68.93,59.52,"87,100"
17-Jun-21,69.15,69.52,68.89,69.14,59.7,"76,900"
18-Jun-21,68.84,68.84,68.47,68.5,59.14,"37,200"
21-Jun-21,68.91,68.91,68.3,68.88,59.47,"32,700"
22-Jun-21,67.99,68.48,67.93,68.43,59.47,"57,700"
23-Jun-21,68.75,68.93,68.6,68.68,59.68,"57,800"
24-Jun-21,69.08,69.27,68.95,69.22,60.15,"45,200"
25-Jun-21,69.8,69.8,69.5,69.65,60.53,"34,000"
28-Jun-21,69.77,69.88,69.69,69.87,60.72,"32,600"
29-Jun-21,69.48,69.68,69.26,69.68,60.55,"109,800"
30-Jun-21,69.48,69.56,69.37,69.56,60.45,"52,300"
01-Jul-21,69.6,69.6,68.9,69.15,60.09,"220,700"
02-Jul-21,69.39,69.39,68.93,69.23,60.16,"45,200"
06-Jul-21,68.78,68.78,68.1,68.32,59.38,"39,700"
07-Jul-21,68.77,68.77,68.1,68.33,59.38,"52,600"
08-Jul-21,66.96,67.29,66.71,67.16,58.36,"140,700"
09-Jul-21,67.62,68.1,67.46,68.07,59.15,"51,000"
12-Jul-21,67.87,68.15,67.74,68.11,59.19,"33,900"
13-Jul-21,67.99,68.39,67.99,68.03,59.12,"113,600"
14-Jul-21,68.52,68.52,68.04,68.22,59.29,"44,500"
15-Jul-21,68.51,68.64,68.17,68.35,59.4,"50,800"
16-Jul-21,68.55,68.55,67.86,67.91,59.02,"38,000"
19-Jul-21,67.07,67.07,66.55,67.01,58.23,"89,900"
20-Jul-21,66.5,67.13,66.37,66.97,58.2,"44,800"
21-Jul-21,66.68,67.36,66.68,67.36,58.54,"26,400"
22-Jul-21,67.7,67.7,67.32,67.55,58.7,"39,800"
23-Jul-21,67.1,67.1,66.6,66.83,58.08,"40,700"
26-Jul-21,65.84,66.19,65.76,65.9,57.27,"67,100"
27-Jul-21,64.73,64.79,64.03,64.71,56.24,"140,700"
28-Jul-21,65.25,66.26,65.25,66.21,57.54,"45,100"
29-Jul-21,66.6,66.61,66.34,66.56,57.84,"33,200"
30-Jul-21,66.22,66.24,65.72,65.96,57.32,"39,300"
02-Aug-21,66.55,67.1,66.15,66.42,57.72,"28,000"
03-Aug-21,66.44,66.75,66.13,66.72,57.98,"65,200"
04-Aug-21,66.91,67.31,66.83,66.97,58.2,"147,500"
05-Aug-21,66.93,66.99,66.7,66.79,58.04,"125,400"
06-Aug-21,66.49,66.5,66.1,66.26,57.58,"26,400"
09-Aug-21,66.4,66.58,66.33,66.43,57.73,"36,200"
10-Aug-21,66.22,66.29,66.05,66.21,57.54,"43,100"
11-Aug-21,66.48,66.48,66.15,66.42,57.72,"44,700"
12-Aug-21,66.08,66.08,65.88,66.04,57.39,"41,200"
13-Aug-21,66.05,66.05,65.54,65.81,57.19,"35,500"
16-Aug-21,65.27,65.27,65.01,65.25,56.7,"51,000"
17-Aug-21,64.17,64.36,63.8,64.1,55.71,"63,600"
18-Aug-21,64.47,64.88,64.32,64.32,55.9,"67,700"
19-Aug-21,63.0,63.4,62.97,63.12,54.85,"147,600"
20-Aug-21,62.7,63.11,62.7,63.1,54.84,"52,700"
23-Aug-21,63.71,64.15,63.56,64.09,55.7,"69,000"
24-Aug-21,64.78,65.38,64.78,65.32,56.77,"89,300"
25-Aug-21,65.35,65.61,65.25,65.54,56.95,"47,100"
26-Aug-21,65.23,65.25,64.88,65.0,56.49,"93,900"
27-Aug-21,65.39,65.89,65.26,65.88,57.25,"50,500"
30-Aug-21,66.13,66.29,65.9,66.21,57.54,"75,500"
31-Aug-21,66.95,67.06,66.88,67.05,58.27,"48,400"
01-Sep-21,67.35,67.78,67.2,67.61,58.76,"46,700"
02-Sep-21,67.58,67.65,67.29,67.35,58.53,"57,200"
03-Sep-21,67.61,67.79,67.53,67.75,58.88,"30,400"
07-Sep-21,67.71,67.91,67.58,67.75,58.88,"59,800"
08-Sep-21,67.37,67.37,66.72,66.75,58.01,"44,600"
09-Sep-21,66.69,66.95,66.66,66.83,58.08,"37,600"
10-Sep-21,67.4,67.4,66.8,66.81,58.06,"45,700"
13-Sep-21,67.07,67.3,66.86,67.21,58.41,"47,600"
14-Sep-21,67.1,67.1,66.61,66.7,57.96,"50,400"
15-Sep-21,66.61,66.82,66.43,66.82,58.07,"36,600"
16-Sep-21,65.89,66.01,65.62,65.98,57.34,"41,000"
17-Sep-21,65.98,65.98,65.49,65.61,57.02,"64,600"
20-Sep-21,63.87,64.45,63.31,63.89,55.52,"116,000"
21-Sep-21,64.34,64.5,64.13,64.38,55.95,"74,800"
22-Sep-21,64.98,65.62,64.98,65.26,56.71,"67,700"
23-Sep-21,65.56,65.84,65.54,65.8,57.18,"53,100"
24-Sep-21,65.03,65.13,64.92,64.99,56.48,"54,600"
27-Sep-21,64.84,65.34,64.8,65.25,56.7,"39,200"
28-Sep-21,64.79,64.8,64.17,64.39,55.96,"128,400"
29-Sep-21,64.3,64.42,63.94,63.94,55.57,"63,800"
30-Sep-21,64.62,64.92,64.38,64.51,56.06,"59,800"
01-Oct-21,64.47,64.65,64.01,64.56,56.11,"66,500"
04-Oct-21,64.12,64.12,63.37,63.67,55.33,"120,900"
05-Oct-21,63.97,64.36,63.86,64.17,55.77,"82,400"
06-Oct-21,63.2,63.74,63.02,63.73,55.38,"64,400"
07-Oct-21,64.48,64.9,64.48,64.73,56.25,"99,700"
08-Oct-21,64.77,64.81,64.57,64.67,56.2,"183,100"
11-Oct-21,64.88,65.0,64.49,64.5,56.05,"39,200"
12-Oct-21,64.6,64.65,64.33,64.35,55.92,"50,000"
13-Oct-21,64.78,65.13,64.57,65.11,56.58,"95,800"
14-Oct-21,65.47,65.47,65.17,65.4,56.84,"41,500"
15-Oct-21,65.63,66.06,65.56,65.98,57.34,"106,600"
18-Oct-21,65.63,66.1,65.63,65.89,57.26,"47,000"
19-Oct-21,66.26,66.65,66.26,66.61,57.89,"52,900"
20-Oct-21,66.64,66.82,66.36,66.49,57.78,"54,500"
21-Oct-21,66.03,66.12,65.8,66.01,57.37,"151,600"
22-Oct-21,66.06,66.22,65.64,65.8,57.18,"45,500"
25-Oct-21,66.11,66.32,65.81,66.24,57.57,"47,100"
26-Oct-21,66.43,66.44,65.83,65.93,57.3,"39,900"
27-Oct-21,65.78,65.84,65.48,65.49,56.91,"67,900"
28-Oct-21,65.16,65.4,65.08,65.36,56.8,"125,400"
29-Oct-21,64.74,64.74,64.41,64.58,56.12,"41,800"
01-Nov-21,64.86,65.28,64.81,65.28,56.73,"48,300"
02-Nov-21,64.74,64.74,64.51,64.6,56.14,"43,900"
03-Nov-21,64.44,65.06,64.39,64.98,56.47,"50,800"
04-Nov-21,65.09,65.09,64.59,64.76,56.28,"76,300"
05-Nov-21,65.02,65.02,64.6,64.82,56.33,"51,300"
08-Nov-21,65.22,65.45,65.21,65.41,56.84,"59,300"
09-Nov-21,65.51,65.63,65.16,65.26,56.71,"50,700"
10-Nov-21,65.3,65.51,64.76,64.88,56.39,"64,800"
11-Nov-21,65.6,65.98,65.59,65.89,57.26,"85,300"
12-Nov-21,65.85,66.06,65.75,66.0,57.36,"60,300"
15-Nov-21,66.1,66.1,65.74,65.74,57.13,"35,900"
16-Nov-21,65.92,65.92,65.67,65.77,57.16,"59,100"
17-Nov-21,65.92,65.92,65.4,65.56,56.97,"79,300"
18-Nov-21,65.07,65.09,64.68,64.98,56.47,"62,700"
19-Nov-21,65.04,65.2,64.85,64.85,56.36,"74,000"
22-Nov-21,64.99,65.04,64.55,64.55,56.1,"107,100"
23-Nov-21,64.61,64.68,64.32,64.66,56.19,"120,200"
24-Nov-21,64.34,64.65,64.21,64.62,56.16,"82,600"
26-Nov-21,62.96,63.05,62.27,62.62,54.42,"74,000"
29-Nov-21,63.0,63.02,62.61,62.86,54.63,"153,600"
30-Nov-21,62.74,63.09,62.19,62.76,54.54,"135,900"
01-Dec-21,63.56,63.98,62.84,62.84,54.61,"89,400"
02-Dec-21,63.46,63.95,63.4,63.63,55.3,"177,300"
03-Dec-21,63.86,63.86,62.83,63.07,54.81,"94,600"
06-Dec-21,63.11,63.56,62.9,63.52,55.2,"59,500"
07-Dec-21,64.26,64.61,64.26,64.59,56.13,"106,200"
08-Dec-21,64.51,64.93,64.46,64.85,56.36,"110,800"
09-Dec-21,64.76,64.91,64.52,64.63,56.17,"44,300"
10-Dec-21,64.57,64.66,64.43,64.58,56.12,"112,100"
13-Dec-21,64.18,64.18,63.56,63.64,55.31,"103,900"
14-Dec-21,63.26,63.51,63.14,63.4,55.1,"78,400"
15-Dec-21,63.18,63.54,62.6,63.52,55.2,"97,500"
16-Dec-21,62.72,62.85,62.2,62.37,55.25,"102,300"
17-Dec-21,61.88,62.17,61.76,61.94,54.87,"113,100"
20-Dec-21,61.08,61.08,60.69,60.96,54.0,"151,200"
21-Dec-21,61.6,62.15,61.54,62.09,55.0,"210,300"
22-Dec-21,62.06,62.57,61.95,62.57,55.43,"145,500"
23-Dec-21,62.69,63.04,62.55,62.88,55.7,"258,400"
27-Dec-21,62.95,63.28,62.95,63.22,56.0,"212,200"
28-Dec-21,63.32,63.36,63.06,63.12,55.91,"130,900"
29-Dec-21,62.97,62.98,62.7,62.93,55.75,"114,000"
30-Dec-21,63.02,63.55,63.02,63.44,56.2,"128,900"
31-Dec-21,63.4,63.67,63.32,63.32,56.09,"105,700"
03-Jan-22,63.5,63.84,63.32,63.73,56.45,"87,100"
04-Jan-22,63.67,63.7,63.4,63.56,56.3,"109,100"
05-Jan-22,63.27,63.52,62.52,62.59,55.45,"108,800"
06-Jan-22,62.64,63.34,62.37,62.73,55.57,"116,800"
07-Jan-22,63.07,63.31,62.84,63.3,56.07,"84,400"
10-Jan-22,63.29,63.38,62.9,63.38,56.14,"180,200"
11-Jan-22,63.68,64.41,63.62,64.41,57.06,"123,100"
12-Jan-22,64.98,65.31,64.75,65.28,57.83,"86,700"
13-Jan-22,65.19,65.22,64.62,64.62,57.24,"122,300"
14-Jan-22,64.38,64.67,64.29,64.67,57.29,"94,900"
18-Jan-22,63.61,63.83,63.39,63.51,56.26,"89,800"
19-Jan-22,64.19,64.22,63.84,63.93,56.63,"80,100"
20-Jan-22,64.74,64.99,64.02,64.06,56.75,"239,700"
21-Jan-22,63.91,63.91,63.1,63.22,56.0,"110,600"
24-Jan-22,62.17,62.21,60.85,62.21,55.11,"168,100"
25-Jan-22,61.69,62.37,61.35,62.04,54.96,"101,400"
26-Jan-22,62.36,62.36,61.23,61.43,54.42,"214,800"
27-Jan-22,61.42,61.53,60.75,60.83,53.89,"117,500"
28-Jan-22,60.79,61.23,60.45,61.23,54.24,"181,900"
31-Jan-22,61.86,63.01,61.78,62.98,55.79,"79,400"
01-Feb-22,63.15,63.38,62.77,63.36,56.13,"94,000"
02-Feb-22,63.63,63.63,62.96,63.31,56.08,"98,600"
03-Feb-22,62.55,62.9,62.44,62.62,55.47,"382,100"
04-Feb-22,62.48,63.04,62.33,62.85,55.68,"103,600"
07-Feb-22,62.87,63.27,62.78,62.98,55.79,"85,100"
08-Feb-22,62.94,63.54,62.94,63.51,56.26,"65,100"
09-Feb-22,64.13,64.61,63.99,64.61,57.23,"145,400"
10-Feb-22,64.0,64.9,63.94,64.13,56.81,"121,200"
11-Feb-22,64.13,64.34,63.2,63.31,56.08,"69,800"
14-Feb-22,62.84,62.93,62.34,62.64,55.49,"78,100"
15-Feb-22,63.41,63.88,63.33,63.79,56.51,"115,500"
16-Feb-22,63.69,64.46,63.69,64.31,56.97,"140,400"
17-Feb-22,63.95,64.05,63.49,63.62,56.36,"101,700"
18-Feb-22,63.47,63.55,63.13,63.18,55.97,"98,000"
22-Feb-22,62.32,62.75,61.98,62.39,55.27,"100,800"
23-Feb-22,62.7,62.7,61.81,61.86,54.8,"85,200"
24-Feb-22,59.36,60.5,58.62,60.36,53.47,"263,900"
25-Feb-22,60.66,61.54,60.43,61.54,54.51,"325,400"
28-Feb-22,60.3,60.72,60.1,60.68,53.75,"154,000"
01-Mar-22,60.25,60.56,59.66,59.97,53.12,"200,600"
02-Mar-22,59.94,60.34,59.6,60.27,53.39,"243,200"
03-Mar-22,60.23,60.23,59.56,59.72,52.9,"106,800"
04-Mar-22,58.59,58.72,58.23,58.56,51.88,"246,500"
07-Mar-22,57.72,57.72,56.04,56.38,49.94,"355,600"
08-Mar-22,56.56,57.16,56.03,56.42,49.98,"543,200"
09-Mar-22,57.32,58.11,57.29,58.0,51.38,"346,300"
10-Mar-22,57.25,57.36,56.8,57.22,50.69,"212,500"
11-Mar-22,57.53,57.53,56.18,56.18,49.77,"403,300"
14-Mar-22,55.68,55.9,54.85,54.94,48.67,"352,800"
15-Mar-22,54.21,55.06,53.99,54.87,48.61,"332,100"
16-Mar-22,57.01,58.72,56.76,58.72,52.02,"332,200"
17-Mar-22,58.34,58.72,57.91,58.7,52.0,"214,000"
18-Mar-22,58.41,59.6,58.27,59.5,52.71,"273,700"
21-Mar-22,58.82,58.89,58.32,58.75,52.04,"148,700"
22-Mar-22,59.68,59.9,59.43,59.7,52.88,"115,300"
23-Mar-22,59.15,59.74,59.07,59.26,52.5,"116,900"
24-Mar-22,59.49,59.77,59.29,59.76,52.94,"117,000"
25-Mar-22,59.15,59.33,58.94,59.27,52.5,"196,500"
28-Mar-22,59.26,59.43,58.92,59.43,52.65,"94,900"
29-Mar-22,60.17,60.31,59.86,60.22,53.35,"281,100"
30-Mar-22,60.12,60.52,59.94,60.02,53.17,"99,900"
31-Mar-22,59.9,59.9,59.25,59.28,52.51,"107,100"
01-Apr-22,60.46,60.56,59.94,60.34,53.45,"98,100"
04-Apr-22,61.06,61.34,60.89,61.32,54.32,"169,400"
05-Apr-22,61.1,61.1,60.12,60.12,53.26,"123,300"
06-Apr-22,59.87,59.96,59.42,59.74,52.92,"87,100"
07-Apr-22,59.37,59.45,58.89,59.24,52.48,"151,000"
08-Apr-22,59.36,59.67,59.23,59.42,52.64,"77,800"
11-Apr-22,58.93,59.01,58.62,58.68,51.98,"85,600"
12-Apr-22,59.07,59.07,58.31,58.43,51.76,"75,000"
13-Apr-22,58.78,59.23,58.66,59.18,52.42,"112,500"
14-Apr-22,58.89,58.93,58.54,58.54,51.86,"112,300"
18-Apr-22,58.29,58.61,58.19,58.41,51.74,"161,300"
19-Apr-22,57.94,58.23,57.73,58.19,51.55,"188,900"
20-Apr-22,58.42,58.42,57.9,58.02,51.4,"275,600"
21-Apr-22,58.13,58.13,56.83,56.93,50.43,"285,100"
22-Apr-22,57.17,57.42,56.49,56.52,50.07,"276,700"
25-Apr-22,55.63,56.03,55.36,55.96,49.57,"390,900"
26-Apr-22,55.7,55.7,54.7,54.7,48.46,"445,600"
27-Apr-22,55.06,55.52,54.94,55.23,48.93,"588,300"
28-Apr-22,55.76,56.16,55.18,56.02,49.63,"552,800"
29-Apr-22,56.79,56.95,55.83,55.87,49.49,"299,800"
02-May-22,55.65,55.87,55.01,55.81,49.44,"300,200"
03-May-22,56.18,56.4,56.02,56.27,49.85,"254,100"
04-May-22,55.91,57.16,55.56,57.15,50.63,"212,100"
05-May-22,55.97,56.03,54.37,54.85,48.59,"376,600"
06-May-22,54.41,54.68,53.91,54.3,48.1,"461,100"
09-May-22,53.14,53.25,52.49,52.58,46.58,"315,900"
10-May-22,53.33,53.33,52.36,52.78,46.75,"525,000"
11-May-22,52.93,53.38,52.28,52.29,46.32,"306,500"
12-May-22,51.92,52.52,51.54,52.14,46.19,"640,000"
13-May-22,52.78,53.55,52.77,53.53,47.42,"488,000"
16-May-22,53.31,53.71,53.25,53.45,47.35,"522,700"
17-May-22,54.8,54.84,54.32,54.7,48.46,"375,100"
18-May-22,54.41,54.59,53.37,53.51,47.4,"437,900"
19-May-22,53.71,54.54,53.71,54.32,48.12,"486,000"
20-May-22,54.83,54.89,53.77,54.54,48.31,"222,800"
23-May-22,54.98,55.24,54.79,55.11,48.82,"450,500"
24-May-22,54.41,54.46,53.76,54.23,48.04,"323,800"
25-May-22,53.9,54.53,53.9,54.37,48.16,"165,400"
26-May-22,54.36,55.35,54.36,55.27,48.96,"153,700"
27-May-22,55.54,55.8,55.4,55.74,49.38,"165,100"
31-May-22,56.85,56.88,56.38,56.42,49.98,"161,600"
01-Jun-22,56.77,56.81,55.81,56.11,49.7,"379,000"
02-Jun-22,56.27,56.99,56.19,56.96,50.46,"156,500"
03-Jun-22,56.37,56.41,55.9,56.0,49.61,"156,600"
06-Jun-22,56.87,56.93,56.12,56.21,49.79,"210,700"
07-Jun-22,55.86,56.43,55.84,56.4,49.96,"117,600"
08-Jun-22,56.49,56.63,56.21,56.36,49.93,"98,500"
09-Jun-22,55.96,56.0,55.15,55.18,48.88,"97,300"
10-Jun-22,54.98,54.98,54.42,54.57,48.34,"168,600"
13-Jun-22,53.16,53.31,52.44,52.72,46.7,"240,300"
14-Jun-22,53.1,53.45,52.93,53.26,47.18,"352,300"
15-Jun-22,53.38,54.27,53.18,53.93,47.77,"289,000"
16-Jun-22,52.36,52.48,51.91,52.2,46.24,"406,500"
17-Jun-22,52.55,52.64,51.95,52.26,46.29,"242,700"
21-Jun-22,52.26,52.62,52.26,52.42,46.91,"304,200"
22-Jun-22,51.46,51.87,51.3,51.44,46.03,"475,200"
23-Jun-22,51.57,51.79,51.1,51.57,46.14,"561,400"
24-Jun-22,51.94,52.71,51.91,52.67,47.13,"310,400"
27-Jun-22,52.96,53.03,52.72,52.82,47.26,"551,900"
28-Jun-22,53.2,53.37,52.45,52.49,46.97,"258,500"
29-Jun-22,52.46,52.46,52.08,52.3,46.8,"305,500"
30-Jun-22,51.5,52.1,51.29,52.03,46.56,"172,200"
01-Jul-22,51.35,51.66,51.0,51.62,46.19,"211,100"
05-Jul-22,50.48,51.11,50.28,51.11,45.73,"231,000"
06-Jul-22,50.68,50.8,50.27,50.63,45.3,"328,300"
07-Jul-22,51.35,51.86,51.29,51.73,46.29,"207,400"
08-Jul-22,51.59,51.95,51.43,51.73,46.29,"149,300"
11-Jul-22,50.8,50.8,50.43,50.53,45.21,"318,600"
12-Jul-22,50.34,50.6,50.17,50.34,45.04,"231,500"
13-Jul-22,49.63,50.4,49.63,50.23,44.95,"288,900"
14-Jul-22,49.7,49.83,49.22,49.76,44.53,"313,700"
15-Jul-22,49.81,50.1,49.46,50.1,44.83,"507,900"
18-Jul-22,50.76,50.99,50.26,50.37,45.07,"450,500"
19-Jul-22,50.93,51.27,50.9,51.19,45.8,"314,400"
20-Jul-22,51.06,51.07,50.72,50.97,45.61,"228,200"
21-Jul-22,51.18,51.53,51.04,51.53,46.11,"243,000"
22-Jul-22,51.34,51.43,50.79,50.94,45.58,"171,400"
25-Jul-22,51.13,51.33,51.09,51.28,45.89,"215,700"
26-Jul-22,51.2,51.3,50.69,50.81,45.46,"549,300"
27-Jul-22,51.2,51.88,51.03,51.8,46.35,"160,400"
28-Jul-22,51.86,52.03,51.3,52.02,46.55,"222,800"
29-Jul-22,51.53,51.92,51.35,51.92,46.46,"176,800"
01-Aug-22,51.53,51.87,51.2,51.49,46.07,"141,500"
02-Aug-22,51.07,51.63,50.98,51.17,45.79,"192,800"
03-Aug-22,51.19,51.55,50.95,51.48,46.06,"142,000"
04-Aug-22,51.74,51.89,51.54,51.79,46.34,"99,100"
05-Aug-22,51.48,51.94,51.48,51.89,46.43,"212,900"
08-Aug-22,52.04,52.31,51.94,52.01,46.54,"144,800"
09-Aug-22,52.06,52.12,51.75,51.81,46.36,"146,700"
10-Aug-22,52.27,52.63,52.13,52.63,47.09,"371,100"
11-Aug-22,52.91,53.36,52.62,52.74,47.19,"257,400"
12-Aug-22,52.83,53.38,52.83,53.37,47.76,"106,800"
15-Aug-22,52.87,53.17,52.83,53.1,47.51,"87,800"
16-Aug-22,53.02,53.27,52.99,53.17,47.58,"96,000"
17-Aug-22,52.76,53.07,52.67,52.81,47.25,"117,900"
18-Aug-22,52.73,52.74,52.35,52.58,47.05,"151,600"
19-Aug-22,52.3,52.3,51.8,51.9,46.44,"129,100"
22-Aug-22,51.54,51.69,51.46,51.6,46.17,"147,100"
23-Aug-22,51.76,52.13,51.68,51.9,46.44,"105,000"
24-Aug-22,51.71,52.22,51.66,52.03,46.56,"115,000"
25-Aug-22,52.43,52.89,52.32,52.88,47.32,"117,900"
26-Aug-22,53.28,53.33,52.16,52.19,46.7,"155,100"
29-Aug-22,52.02,52.26,51.89,51.95,46.48,"123,800"
30-Aug-22,52.11,52.14,51.2,51.38,45.97,"215,800"
31-Aug-22,51.87,52.03,51.53,51.57,46.14,"170,300"
01-Sep-22,51.22,51.29,50.78,51.22,45.83,"177,100"
02-Sep-22,51.24,51.5,50.78,50.87,45.52,"155,600"
06-Sep-22,50.8,50.8,50.35,50.37,45.07,"167,400"
07-Sep-22,50.35,50.97,50.18,50.93,45.57,"317,000"
08-Sep-22,50.47,50.76,50.33,50.76,45.42,"159,400"
09-Sep-22,51.25,51.53,51.25,51.48,46.06,"174,000"
12-Sep-22,51.93,52.16,51.81,52.11,46.63,"194,100"
13-Sep-22,51.06,51.2,50.42,50.52,45.21,"357,600"
14-Sep-22,50.8,50.98,50.64,50.9,45.55,"273,000"
15-Sep-22,50.61,50.81,50.31,50.44,45.13,"494,200"
16-Sep-22,49.94,50.1,49.72,49.95,44.7,"190,700"
19-Sep-22,49.45,50.17,49.45,50.14,44.87,"408,500"
20-Sep-22,49.85,50.0,49.63,49.83,44.59,"386,600"
21-Sep-22,49.59,49.96,49.01,49.17,44.0,"453,800"
22-Sep-22,49.12,49.25,48.77,48.96,43.81,"928,600"
23-Sep-22,48.03,48.03,47.38,47.63,42.62,"423,000"
26-Sep-22,47.06,47.31,46.67,46.86,41.93,"755,000"
27-Sep-22,47.18,47.47,46.6,46.79,41.87,"495,800"
28-Sep-22,46.35,47.11,46.21,47.05,42.1,"937,600"
29-Sep-22,46.15,46.22,45.45,45.9,41.07,"1,038,500"
30-Sep-22,45.86,46.38,45.85,45.93,41.1,"687,900"
03-Oct-22,46.18,46.84,46.01,46.74,41.82,"1,067,100"
04-Oct-22,47.68,48.31,47.63,48.1,43.04,"1,008,400"
05-Oct-22,48.01,48.2,47.51,48.08,43.02,"521,900"
06-Oct-22,47.96,48.23,47.72,47.8,42.77,"416,800"
07-Oct-22,47.45,47.45,46.75,46.85,41.92,"398,100"
10-Oct-22,46.77,46.77,46.1,46.33,41.46,"491,300"
11-Oct-22,45.95,46.18,45.5,45.68,40.87,"612,200"
12-Oct-22,45.6,45.83,45.5,45.69,40.88,"1,179,300"
13-Oct-22,44.8,46.09,44.52,45.84,41.02,"689,800"
14-Oct-22,46.16,46.16,45.08,45.14,40.39,"922,700"
17-Oct-22,46.05,46.48,45.89,46.33,41.46,"1,367,100"
18-Oct-22,46.86,46.87,45.99,46.33,41.46,"619,700"
19-Oct-22,45.8,45.89,45.4,45.57,40.78,"812,600"
20-Oct-22,45.92,46.49,45.74,45.83,41.01,"551,700"
21-Oct-22,45.68,46.51,45.57,46.47,41.58,"980,200"
24-Oct-22,45.08,45.08,44.37,44.87,40.15,"513,300"
25-Oct-22,44.94,45.4,44.94,45.33,40.56,"656,400"
26-Oct-22,45.38,46.24,45.38,45.91,41.08,"700,100"
27-Oct-22,45.87,46.11,45.62,45.72,40.91,"839,400"
28-Oct-22,45.14,45.53,45.02,45.52,40.73,"879,100"
31-Oct-22,44.88,45.29,44.81,45.23,40.47,"1,317,800"
01-Nov-22,46.36,46.42,45.89,46.11,41.26,"1,489,600"
02-Nov-22,46.23,46.72,45.67,45.69,40.88,"1,256,500"
03-Nov-22,45.58,46.15,45.51,46.05,41.21,"1,275,400"
04-Nov-22,47.69,47.93,47.25,47.89,42.85,"1,098,400"
07-Nov-22,48.33,48.33,47.87,48.02,42.97,"1,126,000"
08-Nov-22,48.18,48.6,47.99,48.43,43.34,"1,160,400"
09-Nov-22,48.14,48.31,47.6,47.66,42.65,"508,200"
10-Nov-22,48.78,49.42,48.65,49.38,44.19,"249,400"
11-Nov-22,49.94,50.44,49.79,50.33,45.04,"803,300"
14-Nov-22,50.23,50.57,50.03,50.22,44.94,"242,400"
15-Nov-22,51.39,51.56,50.92,51.15,45.77,"894,100"
16-Nov-22,50.67,50.72,50.22,50.28,44.99,"311,600"
17-Nov-22,49.49,50.36,49.39,50.34,45.04,"231,600"
18-Nov-22,50.22,50.22,49.83,50.05,44.78,"485,200"
21-Nov-22,49.6,49.69,49.37,49.54,44.33,"382,900"
22-Nov-22,49.54,49.84,49.51,49.78,44.54,"265,400"
23-Nov-22,49.93,50.32,49.93,50.23,44.95,"439,000"
25-Nov-22,50.21,50.36,50.17,50.22,44.94,"93,300"
28-Nov-22,50.16,50.51,50.03,50.05,44.78,"368,700"
29-Nov-22,50.92,51.22,50.91,51.07,45.7,"358,000"
30-Nov-22,52.08,52.76,51.79,52.64,47.1,"462,800"
01-Dec-22,52.71,52.76,52.24,52.4,46.89,"316,000"
02-Dec-22,52.0,52.7,52.0,52.62,47.08,"348,900"
05-Dec-22,52.6,52.63,51.91,52.08,46.6,"417,200"
06-Dec-22,52.15,52.15,51.72,51.89,46.43,"268,400"
07-Dec-22,51.62,51.8,51.46,51.65,46.22,"299,500"
08-Dec-22,52.07,52.31,51.91,52.1,46.62,"282,100"
09-Dec-22,52.08,52.29,51.87,51.89,46.43,"471,900"
12-Dec-22,51.88,51.91,51.46,51.88,46.42,"1,098,400"
13-Dec-22,53.03,53.19,52.07,52.21,46.72,"681,700"
14-Dec-22,52.21,52.46,51.9,52.2,46.71,"335,900"
15-Dec-22,50.92,50.92,50.15,50.22,45.7,"335,100"
16-Dec-22,50.45,50.61,50.25,50.31,45.79,"305,900"
19-Dec-22,50.63,50.65,50.25,50.35,45.82,"292,700"
20-Dec-22,50.28,50.55,50.17,50.4,45.87,"362,600"
21-Dec-22,50.34,50.8,50.21,50.79,46.22,"319,100"
22-Dec-22,50.61,50.64,49.93,50.33,45.8,"356,900"
23-Dec-22,50.26,50.43,50.05,50.32,45.79,"669,400"
27-Dec-22,50.78,51.23,50.78,51.13,46.53,"308,300"
28-Dec-22,50.88,50.88,50.16,50.16,45.65,"370,000"
29-Dec-22,50.67,51.13,50.67,51.09,46.49,"419,700"
30-Dec-22,50.84,50.96,50.26,50.45,45.91,"464,200"
03-Jan-23,50.96,51.22,50.58,50.72,46.16,"240,300"
04-Jan-23,51.52,52.09,51.28,52.06,47.38,"251,500"
05-Jan-23,51.65,51.95,51.54,51.83,47.17,"206,000"
06-Jan-23,52.16,53.02,52.0,53.02,48.25,"313,300"
09-Jan-23,53.41,53.69,53.29,53.29,48.5,"116,500"
10-Jan-23,53.35,53.71,53.21,53.71,48.88,"136,400"
11-Jan-23,53.66,53.99,53.52,53.92,49.07,"196,000"
12-Jan-23,54.08,54.42,53.62,54.27,49.39,"760,100"
13-Jan-23,54.15,54.63,54.15,54.6,49.69,"242,200"
17-Jan-23,54.35,54.52,54.25,54.45,49.55,"347,200"
18-Jan-23,54.95,54.97,54.04,54.12,49.25,"172,100"
19-Jan-23,54.34,54.7,54.29,54.55,49.64,"171,200"
20-Jan-23,54.82,55.34,54.75,55.26,50.29,"279,900"
23-Jan-23,55.32,55.99,55.32,55.7,50.69,"237,200"
24-Jan-23,55.53,55.84,55.4,55.81,50.79,"573,600"
25-Jan-23,55.33,55.75,55.08,55.66,50.65,"276,200"
26-Jan-23,56.01,56.22,55.77,56.2,51.15,"180,300"
27-Jan-23,56.06,56.06,55.7,55.87,50.84,"144,700"
30-Jan-23,55.06,55.21,54.83,54.85,49.92,"186,600"
31-Jan-23,54.69,55.02,54.5,55.0,50.05,"193,700"
01-Feb-23,55.16,55.88,54.93,55.71,50.7,"206,100"
02-Feb-23,55.81,55.81,55.14,55.37,50.39,"155,900"
03-Feb-23,54.72,54.98,54.26,54.34,49.45,"479,800"
06-Feb-23,53.67,53.72,53.26,53.68,48.85,"182,900"
07-Feb-23,53.74,54.03,53.4,53.96,49.11,"281,300"
08-Feb-23,54.09,54.12,53.69,53.91,49.06,"280,700"
09-Feb-23,54.57,54.6,53.88,54.05,49.19,"220,600"
10-Feb-23,53.77,53.77,53.4,53.6,48.78,"176,400"
13-Feb-23,53.83,54.08,53.62,54.0,49.14,"249,200"
14-Feb-23,53.72,54.16,53.5,53.83,48.99,"177,500"
15-Feb-23,53.08,53.4,52.97,53.4,48.6,"178,200"
16-Feb-23,53.09,53.68,53.03,53.42,48.62,"290,300"
17-Feb-23,53.01,53.1,52.79,53.08,48.31,"207,200"
21-Feb-23,52.86,53.13,52.54,52.57,47.84,"168,900"
22-Feb-23,52.41,52.56,52.2,52.37,47.66,"233,500"
23-Feb-23,53.12,53.14,52.42,52.77,48.02,"176,300"
24-Feb-23,51.7,51.75,51.4,51.64,47.0,"429,000"
27-Feb-23,51.86,51.96,51.74,51.81,47.15,"175,900"
28-Feb-23,51.59,51.81,51.43,51.43,46.8,"167,500"
01-Mar-23,52.64,52.66,52.36,52.51,47.79,"227,000"
02-Mar-23,52.3,52.85,52.21,52.77,48.02,"389,600"
03-Mar-23,52.95,53.31,52.86,53.27,48.48,"250,600"
06-Mar-23,53.24,53.42,53.03,53.21,48.42,"288,700"
07-Mar-23,52.97,52.97,52.23,52.36,47.65,"222,100"
08-Mar-23,52.36,52.64,52.32,52.49,47.77,"155,100"
09-Mar-23,52.08,52.17,51.4,51.45,46.82,"287,800"
10-Mar-23,51.36,51.67,51.1,51.17,46.57,"195,100"
13-Mar-23,51.02,51.45,50.79,51.19,46.59,"233,600"
14-Mar-23,51.01,51.25,50.88,51.12,46.52,"109,700"
15-Mar-23,50.13,50.34,49.83,50.27,45.75,"220,100"
16-Mar-23,50.19,51.05,50.09,51.03,46.44,"342,600"
17-Mar-23,51.03,51.1,50.65,50.76,46.19,"284,400"
20-Mar-23,50.64,50.96,50.53,50.9,46.32,"143,000"
21-Mar-23,51.24,51.39,51.04,51.31,46.69,"151,000"
22-Mar-23,51.66,52.22,51.45,51.47,46.84,"136,800"
23-Mar-23,51.96,52.6,51.76,52.04,47.36,"207,700"
24-Mar-23,51.57,51.84,51.46,51.8,47.14,"203,200"
27-Mar-23,51.5,51.62,51.32,51.52,46.89,"130,400"
28-Mar-23,52.03,52.19,51.9,52.19,47.5,"443,900"
29-Mar-23,52.22,52.47,52.11,52.39,47.68,"482,200"
30-Mar-23,52.88,52.95,52.68,52.88,48.12,"333,300"
31-Mar-23,52.84,53.03,52.71,52.89,48.13,"314,400"
03-Apr-23,52.77,53.02,52.67,52.97,48.21,"407,900"
04-Apr-23,52.9,53.02,52.7,52.93,48.17,"304,900"
05-Apr-23,52.89,52.89,52.34,52.56,47.83,"128,300"
06-Apr-23,52.43,52.84,52.28,52.66,47.92,"165,800"
10-Apr-23,52.59,52.8,52.46,52.77,48.02,"154,700"
11-Apr-23,53.31,53.51,53.28,53.33,48.53,"173,600"
12-Apr-23,53.57,53.61,53.01,53.05,48.28,"2,084,400"
13-Apr-23,53.6,53.9,53.6,53.84,49.0,"151,800"
14-Apr-23,53.65,53.82,53.35,53.57,48.75,"203,300"
17-Apr-23,53.64,53.75,53.48,53.72,48.89,"267,000"
18-Apr-23,53.73,53.87,53.55,53.7,48.87,"231,300"
19-Apr-23,53.11,53.27,53.0,53.19,48.41,"267,300"
20-Apr-23,53.11,53.41,52.98,53.11,48.33,"234,100"
21-Apr-23,52.66,52.69,52.31,52.6,47.87,"461,200"
24-Apr-23,52.35,52.52,52.28,52.46,47.74,"194,500"
25-Apr-23,51.8,51.8,51.37,51.46,46.83,"530,800"
26-Apr-23,52.06,52.06,51.7,51.76,47.11,"479,600"
27-Apr-23,52.05,52.53,51.98,52.42,47.71,"213,700"
28-Apr-23,52.44,52.78,52.43,52.78,48.03,"345,200"
01-May-23,52.61,52.95,52.53,52.61,47.88,"405,400"
02-May-23,52.46,52.46,51.91,52.31,47.6,"194,600"
03-May-23,52.19,52.42,52.07,52.12,47.43,"178,800"
04-May-23,52.53,52.68,52.41,52.54,47.81,"198,200"
05-May-23,52.76,53.26,52.61,53.16,48.38,"236,900"
08-May-23,53.38,53.38,53.19,53.27,48.48,"147,800"
09-May-23,52.66,52.89,52.64,52.84,48.09,"277,700"
10-May-23,52.87,52.96,52.62,52.92,48.16,"142,900"
11-May-23,52.4,52.63,52.19,52.61,47.88,"266,200"
12-May-23,52.23,52.28,51.96,52.08,47.4,"159,600"
15-May-23,52.56,53.0,52.41,52.95,48.19,"202,300"
16-May-23,52.59,52.73,52.46,52.49,47.77,"192,000"
17-May-23,52.49,52.82,52.36,52.72,47.98,"551,100"
18-May-23,52.57,52.61,52.31,52.61,47.88,"586,400"
19-May-23,52.7,52.7,52.47,52.62,47.89,"321,900"
22-May-23,53.0,53.19,52.94,52.95,48.19,"310,800"
23-May-23,52.54,52.72,52.25,52.26,47.56,"185,900"
24-May-23,52.25,52.25,51.92,51.95,47.28,"134,200"
25-May-23,52.28,52.28,51.88,51.99,47.31,"308,400"
26-May-23,52.18,52.8,52.18,52.72,47.98,"200,300"
30-May-23,52.66,52.66,52.03,52.21,47.51,"340,600"
31-May-23,51.86,51.87,51.42,51.86,47.2,"294,400"
01-Jun-23,51.93,52.71,51.93,52.6,47.87,"255,800"
02-Jun-23,53.47,53.67,53.4,53.55,48.73,"180,500"
05-Jun-23,53.48,53.52,53.27,53.52,48.71,"197,000"
06-Jun-23,53.4,54.08,53.36,53.99,49.13,"219,600"
07-Jun-23,54.12,54.38,53.83,53.94,49.09,"212,500"
08-Jun-23,54.0,54.37,54.0,54.31,49.43,"223,200"
09-Jun-23,54.55,54.79,54.5,54.6,49.69,"370,300"
12-Jun-23,54.58,54.78,54.49,54.65,49.73,"178,500"
13-Jun-23,55.24,55.35,55.02,55.11,50.15,"205,600"
14-Jun-23,55.19,55.62,55.11,55.5,50.51,"169,600"
15-Jun-23,55.67,56.01,55.64,55.92,50.89,"229,300"
16-Jun-23,56.1,56.1,55.62,55.78,50.76,"261,200"
20-Jun-23,54.54,54.64,54.13,54.23,49.87,"223,700"
21-Jun-23,54.08,54.24,53.97,54.14,49.79,"314,000"
22-Jun-23,53.9,53.99,53.73,53.95,49.62,"341,100"
23-Jun-23,53.14,53.14,52.94,53.1,48.83,"258,400"
26-Jun-23,53.35,53.56,53.29,53.33,49.04,"238,900"
27-Jun-23,53.75,53.92,53.59,53.88,49.55,"165,600"
28-Jun-23,53.41,53.57,53.29,53.52,49.22,"211,100"
29-Jun-23,53.21,53.31,53.13,53.29,49.01,"198,900"
30-Jun-23,53.74,53.91,53.62,53.81,49.49,"233,400"
03-Jul-23,54.41,54.59,54.32,54.51,50.13,"119,200"
05-Jul-23,54.15,54.17,53.99,54.08,49.73,"1,715,500"
06-Jul-23,53.31,53.36,52.83,53.04,48.78,"212,400"
07-Jul-23,53.14,53.86,53.11,53.56,49.26,"401,600"
10-Jul-23,53.28,53.6,53.19,53.53,49.23,"1,853,500"
11-Jul-23,53.9,54.17,53.74,54.13,49.78,"165,900"
12-Jul-23,54.89,55.31,54.89,55.24,50.8,"250,200"
13-Jul-23,55.43,55.86,55.38,55.79,51.31,"283,100"
14-Jul-23,55.75,55.82,55.49,55.63,51.16,"208,700"
17-Jul-23,55.68,55.82,55.27,55.82,51.33,"174,800"
18-Jul-23,55.51,55.61,55.31,55.48,51.02,"175,800"
19-Jul-23,55.59,55.73,55.27,55.41,50.96,"208,900"
20-Jul-23,55.18,55.22,54.87,55.03,50.61,"266,200"
21-Jul-23,55.22,55.22,54.94,55.02,50.6,"161,800"
24-Jul-23,55.17,55.85,55.15,55.71,51.23,"189,400"
25-Jul-23,56.27,56.33,56.09,56.2,51.68,"152,100"
26-Jul-23,55.84,56.49,55.84,56.37,51.84,"158,100"
27-Jul-23,56.55,56.55,55.71,55.82,51.33,"308,300"
28-Jul-23,56.89,57.18,56.79,57.13,52.54,"183,200"
31-Jul-23,56.95,57.31,56.94,57.3,52.7,"457,100"
01-Aug-23,56.67,56.72,56.36,56.41,51.88,"385,000"
02-Aug-23,55.79,55.79,54.92,55.09,50.66,"252,300"
03-Aug-23,55.13,55.48,55.1,55.26,50.82,"279,800"
04-Aug-23,55.52,55.87,55.33,55.34,50.89,"202,400"
07-Aug-23,55.54,55.54,55.11,55.37,50.92,"204,600"
08-Aug-23,54.59,54.8,54.36,54.78,50.38,"209,200"
09-Aug-23,54.99,55.06,54.65,54.88,50.47,"428,200"
10-Aug-23,55.15,55.48,54.73,54.85,50.44,"214,000"
11-Aug-23,54.24,54.36,54.0,54.16,49.81,"283,500"
14-Aug-23,53.45,53.83,53.32,53.66,49.35,"203,800"
15-Aug-23,53.67,53.67,53.19,53.3,49.02,"203,000"
16-Aug-23,53.05,53.27,52.87,52.9,48.65,"534,400"
17-Aug-23,53.45,53.54,52.96,53.0,48.74,"598,400"
18-Aug-23,52.45,52.74,52.34,52.66,48.43,"206,600"
21-Aug-23,52.61,52.87,52.48,52.83,48.59,"286,800"
22-Aug-23,53.05,53.05,52.69,52.81,48.57,"222,000"
23-Aug-23,53.13,53.78,53.13,53.65,49.34,"237,000"
24-Aug-23,53.76,53.85,53.33,53.4,49.11,"210,900"
25-Aug-23,53.52,53.61,53.04,53.51,49.21,"809,800"
28-Aug-23,53.83,54.07,53.77,54.03,49.69,"145,700"
29-Aug-23,54.2,54.84,54.07,54.78,50.38,"358,500"
30-Aug-23,54.52,54.74,54.5,54.59,50.2,"193,200"
31-Aug-23,54.31,54.4,54.03,54.08,49.73,"250,600"
01-Sep-23,54.72,54.91,54.53,54.66,50.27,"146,200"
05-Sep-23,54.47,54.57,54.35,54.37,50.0,"143,300"
06-Sep-23,54.23,54.53,54.02,54.13,49.78,"165,100"
07-Sep-23,53.63,53.66,53.43,53.56,49.26,"221,300"
08-Sep-23,53.75,53.87,53.64,53.75,49.43,"237,300"
11-Sep-23,54.24,54.26,54.04,54.25,49.89,"211,000"
12-Sep-23,53.72,54.06,53.72,53.93,49.6,"145,700"
13-Sep-23,53.84,54.14,53.84,53.95,49.62,"138,800"
14-Sep-23,54.3,54.52,54.21,54.45,50.07,"133,800"
15-Sep-23,54.51,54.51,54.16,54.25,49.89,"203,600"
18-Sep-23,54.05,54.19,53.95,54.16,49.81,"277,900"
19-Sep-23,53.97,54.03,53.77,53.9,49.57,"188,600"
20-Sep-23,54.08,54.28,53.75,53.76,49.44,"191,200"
21-Sep-23,53.02,53.06,52.82,52.82,48.58,"183,700"
22-Sep-23,53.65,53.71,53.36,53.41,49.12,"261,200"
25-Sep-23,53.01,53.29,53.01,53.19,48.92,"232,600"
26-Sep-23,52.7,52.79,52.38,52.44,48.23,"319,100"
27-Sep-23,52.52,52.72,52.23,52.51,48.29,"354,800"
28-Sep-23,52.39,52.81,52.28,52.74,48.5,"233,000"
29-Sep-23,53.37,53.37,52.64,52.79,48.55,"319,100"
02-Oct-23,52.61,52.74,52.34,52.52,48.3,"194,300"
03-Oct-23,52.08,52.18,51.68,51.76,47.6,"340,200"
04-Oct-23,51.69,51.78,51.42,51.66,47.51,"365,700"
05-Oct-23,51.85,51.9,51.47,51.83,47.67,"561,800"
06-Oct-23,51.77,52.7,51.72,52.57,48.35,"269,400"
09-Oct-23,51.9,52.43,51.88,52.33,48.13,"207,600"
10-Oct-23,52.7,53.25,52.7,53.19,48.92,"378,600"
11-Oct-23,53.5,53.55,53.2,53.45,49.16,"669,100"
12-Oct-23,53.57,53.58,52.82,52.98,48.72,"314,200"
13-Oct-23,52.97,53.1,52.67,52.79,48.55,"2,241,700"
16-Oct-23,52.78,53.26,52.71,53.13,48.86,"307,300"
17-Oct-23,52.67,53.22,52.67,53.0,48.74,"286,500"
18-Oct-23,52.46,52.54,52.11,52.12,47.93,"199,100"
19-Oct-23,52.09,52.36,51.92,51.99,47.81,"298,200"
20-Oct-23,51.62,51.67,51.33,51.35,47.22,"323,500"
23-Oct-23,50.96,51.57,50.77,51.28,47.16,"335,100"
24-Oct-23,51.63,52.09,51.63,51.99,47.81,"477,900"
25-Oct-23,51.46,51.59,51.22,51.31,47.19,"288,200"
26-Oct-23,50.91,51.13,50.75,51.05,46.95,"375,000"
27-Oct-23,51.45,51.45,50.92,51.0,46.9,"362,900"
30-Oct-23,51.72,51.72,51.25,51.45,47.32,"843,200"
31-Oct-23,50.93,51.04,50.65,51.03,46.93,"749,900"
01-Nov-23,50.89,51.5,50.89,51.49,47.35,"439,300"
02-Nov-23,52.15,52.45,52.1,52.4,48.19,"335,900"
03-Nov-23,52.98,53.54,52.98,53.39,49.1,"422,900"
06-Nov-23,54.0,54.0,53.69,53.8,49.48,"433,300"
07-Nov-23,53.35,53.62,53.16,53.58,49.27,"303,400"
08-Nov-23,53.49,53.5,53.14,53.27,48.99,"333,100"
09-Nov-23,53.33,53.41,52.68,52.73,48.49,"314,400"
10-Nov-23,52.91,53.3,52.77,53.28,49.0,"214,000"
13-Nov-23,53.12,53.51,53.02,53.27,48.99,"307,400"
14-Nov-23,54.12,54.81,54.12,54.79,50.39,"324,000"
15-Nov-23,55.04,55.3,54.89,55.05,50.63,"337,300"
16-Nov-23,54.53,54.79,54.35,54.57,50.19,"489,500"
17-Nov-23,54.63,54.83,54.6,54.79,50.39,"250,400"
20-Nov-23,55.12,55.52,55.0,55.45,50.99,"265,300"
21-Nov-23,55.25,55.31,54.92,55.08,50.65,"213,800"
22-Nov-23,55.0,55.08,54.75,54.91,50.5,"272,400"
24-Nov-23,54.77,55.08,54.77,55.03,50.61,"55,900"
27-Nov-23,54.77,54.92,54.69,54.84,50.43,"240,900"
28-Nov-23,55.12,55.53,55.09,55.53,51.07,"236,800"
29-Nov-23,55.18,55.4,55.04,55.08,50.65,"278,800"
30-Nov-23,55.16,55.19,54.8,55.17,50.74,"259,200"
01-Dec-23,54.86,55.56,54.74,55.56,51.1,"187,300"
04-Dec-23,55.07,55.12,54.73,54.9,50.49,"309,900"
05-Dec-23,54.46,54.67,54.34,54.6,50.21,"297,200"
06-Dec-23,54.97,55.03,54.6,54.62,50.23,"317,800"
07-Dec-23,54.73,54.85,54.56,54.84,50.43,"262,300"
08-Dec-23,54.48,54.76,54.36,54.56,50.18,"259,300"
11-Dec-23,54.53,54.91,54.53,54.86,50.45,"245,800"
12-Dec-23,54.71,54.93,54.45,54.93,50.52,"277,100"
13-Dec-23,54.68,55.66,54.43,55.53,51.07,"304,000"
14-Dec-23,55.94,56.45,55.94,56.35,51.82,"480,800"
15-Dec-23,56.35,56.42,56.01,56.01,51.51,"277,100"
18-Dec-23,54.89,54.98,54.65,54.93,51.57,"337,800"
19-Dec-23,55.01,55.39,55.01,55.32,51.93,"410,000"
20-Dec-23,55.02,55.02,54.23,54.26,50.94,"599,000"
21-Dec-23,55.27,55.47,55.06,55.44,52.05,"545,500"
22-Dec-23,55.1,55.36,55.01,55.24,51.86,"409,200"
26-Dec-23,55.49,55.74,55.47,55.61,52.21,"294,700"
27-Dec-23,55.8,55.93,55.75,55.92,52.5,"335,000"
28-Dec-23,56.41,56.56,56.29,56.32,52.87,"226,400"
29-Dec-23,56.32,56.55,56.23,56.39,52.94,"175,800"
02-Jan-24,55.79,55.83,55.42,55.62,52.21,"280,000"
03-Jan-24,55.12,55.52,55.08,55.38,51.99,"324,400"
04-Jan-24,55.32,55.48,55.15,55.19,51.81,"338,300"
05-Jan-24,55.32,55.65,55.19,55.34,51.95,"345,900"
08-Jan-24,54.91,55.42,54.84,55.4,52.01,"274,700"
09-Jan-24,54.75,54.79,54.55,54.68,51.33,"272,900"
10-Jan-24,54.66,54.74,54.49,54.59,51.25,"561,500"
11-Jan-24,54.85,54.95,54.41,54.8,51.44,"207,900"
12-Jan-24,55.28,55.45,55.03,55.1,51.73,"215,000"
16-Jan-24,54.32,54.4,53.74,53.83,50.53,"335,100"
17-Jan-24,52.83,53.06,52.72,53.02,49.77,"493,000"
18-Jan-24,53.36,53.57,53.21,53.52,50.24,"506,200"
19-Jan-24,53.67,54.13,53.45,54.08,50.77,"298,000"
22-Jan-24,53.58,53.78,53.49,53.61,50.33,"820,700"
23-Jan-24,53.67,53.97,53.62,53.92,50.62,"409,600"
24-Jan-24,54.81,55.04,54.51,54.64,51.29,"420,500"
25-Jan-24,54.94,54.99,54.56,54.79,51.44,"813,700"
26-Jan-24,54.65,54.93,54.65,54.86,51.5,"647,000"
29-Jan-24,55.08,55.08,54.65,55.0,51.63,"145,000"
30-Jan-24,54.52,54.67,54.43,54.65,51.3,"357,000"
31-Jan-24,54.65,55.04,54.33,54.54,51.2,"304,500"
01-Feb-24,54.89,55.19,54.75,55.17,51.79,"427,100"
02-Feb-24,54.97,55.09,54.71,55.01,51.64,"635,900"
05-Feb-24,54.89,55.18,54.68,55.04,51.67,"404,600"
06-Feb-24,55.8,56.28,55.69,56.23,52.79,"625,700"
07-Feb-24,56.02,56.35,56.02,56.26,52.82,"301,400"
08-Feb-24,56.06,56.12,55.88,56.01,52.58,"389,300"
09-Feb-24,55.91,56.28,55.69,56.14,52.7,"325,500"
12-Feb-24,56.12,56.65,56.12,56.34,52.89,"222,300"
13-Feb-24,55.62,55.78,55.0,55.19,51.81,"342,900"
14-Feb-24,55.84,56.14,55.83,56.06,52.63,"237,900"
15-Feb-24,56.21,56.41,56.1,56.37,52.92,"210,500"
16-Feb-24,56.62,56.89,56.58,56.71,53.24,"453,100"
20-Feb-24,56.98,56.98,56.61,56.8,53.32,"234,800"
21-Feb-24,56.93,57.0,56.69,56.88,53.4,"260,600"
22-Feb-24,57.45,57.6,57.29,57.56,54.04,"306,600"
23-Feb-24,57.6,57.6,57.3,57.5,53.98,"211,200"
26-Feb-24,57.3,57.38,57.17,57.29,53.78,"258,900"
27-Feb-24,57.41,57.48,57.25,57.31,53.8,"525,100"
28-Feb-24,56.97,56.97,56.46,56.6,53.13,"572,800"
29-Feb-24,57.01,57.08,56.6,56.79,53.31,"248,900"
01-Mar-24,57.24,57.72,57.16,57.58,54.05,"662,000"
04-Mar-24,57.69,57.69,57.42,57.47,53.95,"255,000"
05-Mar-24,57.15,57.3,56.85,56.96,53.47,"282,800"
06-Mar-24,57.69,57.96,57.62,57.69,54.16,"279,200"
07-Mar-24,57.81,58.22,57.7,58.09,54.53,"248,000"
08-Mar-24,58.25,58.41,57.84,57.96,54.41,"307,700"
11-Mar-24,57.93,58.15,57.85,57.9,54.36,"552,500"
12-Mar-24,58.44,58.54,58.07,58.54,54.96,"309,800"
13-Mar-24,58.15,58.22,57.96,58.05,54.5,"460,200"
14-Mar-24,58.25,58.3,57.7,57.89,54.35,"330,800"
15-Mar-24,57.69,57.69,57.42,57.5,53.98,"279,000"
18-Mar-24,57.91,57.91,57.53,57.56,54.04,"250,100"
19-Mar-24,57.28,57.41,57.0,57.3,53.79,"241,300"
20-Mar-24,57.5,58.08,57.35,58.01,54.46,"290,200"
21-Mar-24,58.43,58.56,58.11,58.16,54.6,"271,900"
22-Mar-24,57.75,57.9,57.6,57.69,54.16,"265,300"
25-Mar-24,57.74,57.85,57.68,57.75,54.21,"252,100"
26-Mar-24,57.84,57.88,57.56,57.6,54.07,"473,100"
27-Mar-24,57.7,57.84,57.53,57.82,54.28,"224,500"
28-Mar-24,57.87,58.11,57.87,57.96,54.41,"260,600"
01-Apr-24,58.35,58.63,58.06,58.21,54.65,"433,200"
02-Apr-24,58.46,58.57,58.34,58.42,54.84,"311,200"
03-Apr-24,58.26,58.76,58.22,58.65,55.06,"440,000"
04-Apr-24,59.18,59.29,58.35,58.41,54.83,"212,400"
05-Apr-24,58.33,58.61,58.22,58.47,54.89,"492,500"
08-Apr-24,58.91,59.09,58.85,58.97,55.36,"199,100"
09-Apr-24,59.33,59.4,59.01,59.4,55.76,"311,200"
10-Apr-24,58.57,58.74,58.27,58.49,54.91,"263,200"
11-Apr-24,58.95,59.01,58.46,58.88,55.28,"285,600"
12-Apr-24,58.13,58.26,57.47,57.55,54.03,"298,000"
15-Apr-24,57.98,57.98,57.02,57.15,53.65,"318,800"
16-Apr-24,56.57,56.66,56.24,56.42,52.97,"270,800"
17-Apr-24,56.85,56.87,56.26,56.5,53.04,"331,900"
18-Apr-24,56.75,57.03,56.5,56.67,53.2,"395,500"
19-Apr-24,56.47,56.63,56.3,56.55,53.09,"224,700"
22-Apr-24,56.55,57.13,56.44,57.02,53.53,"197,000"
23-Apr-24,57.1,57.6,57.05,57.54,54.02,"298,400"
24-Apr-24,57.97,58.06,57.55,57.77,54.23,"398,600"
25-Apr-24,57.41,58.17,57.3,58.1,54.54,"232,400"
26-Apr-24,58.65,58.73,58.47,58.7,55.11,"156,600"
29-Apr-24,59.0,59.26,58.83,59.26,55.63,"283,900"
30-Apr-24,58.73,58.95,58.41,58.43,54.85,"280,900"
01-May-24,58.42,59.06,58.37,58.48,54.9,"441,700"
02-May-24,59.26,60.01,59.02,59.86,56.2,"247,300"
03-May-24,60.24,60.4,59.97,60.37,56.67,"349,800"
06-May-24,60.45,60.49,60.31,60.43,56.73,"226,900"
07-May-24,60.19,60.19,59.9,59.98,56.31,"260,000"
08-May-24,59.7,60.07,59.7,60.07,56.39,"278,500"
09-May-24,60.03,60.22,59.86,60.2,56.51,"243,300"
10-May-24,60.7,60.78,60.37,60.45,56.75,"219,600"
13-May-24,60.84,61.05,60.74,60.83,57.11,"232,800"
14-May-24,60.96,61.23,60.93,61.2,57.45,"249,900"
15-May-24,61.58,61.95,61.4,61.95,58.16,"495,400"
16-May-24,61.94,62.27,61.91,62.1,58.3,"421,000"
17-May-24,62.14,62.55,62.14,62.42,58.6,"297,600"
20-May-24,62.3,62.47,62.25,62.37,58.55,"332,300"
21-May-24,62.01,62.11,61.85,61.99,58.19,"253,900"
22-May-24,62.05,62.05,61.59,61.75,57.97,"172,700"
23-May-24,62.07,62.07,61.15,61.28,57.53,"242,100"
24-May-24,61.34,61.74,61.34,61.6,57.83,"153,700"
28-May-24,62.14,62.14,61.62,61.79,58.01,"230,400"
29-May-24,61.14,61.29,60.83,60.98,57.25,"385,600"
30-May-24,60.8,60.96,60.53,60.81,57.09,"720,300"
31-May-24,60.27,60.42,59.85,60.32,56.63,"294,500"
03-Jun-24,61.12,61.25,60.65,60.99,57.26,"275,800"
04-Jun-24,59.9,60.14,59.4,59.75,56.09,"313,400"
05-Jun-24,60.46,60.73,60.25,60.73,57.01,"421,300"
06-Jun-24,61.03,61.05,60.78,61.0,57.27,"232,700"
07-Jun-24,60.98,60.98,60.41,60.48,56.78,"295,900"
10-Jun-24,60.55,60.98,60.43,60.9,57.17,"281,700"
11-Jun-24,60.75,60.85,60.31,60.61,56.9,"428,000"
12-Jun-24,61.52,61.59,61.08,61.22,57.47,"277,100"
13-Jun-24,61.37,61.48,60.9,61.13,57.39,"284,300"
14-Jun-24,60.98,61.21,60.92,61.19,57.44,"186,100"
17-Jun-24,61.32,61.68,61.15,61.54,57.77,"172,600"
18-Jun-24,61.83,62.19,61.77,62.08,58.28,"349,600"
20-Jun-24,62.44,62.44,61.67,61.94,58.15,"356,200"
21-Jun-24,61.83,61.83,61.63,61.66,57.88,"216,100"
24-Jun-24,61.4,61.5,61.04,61.11,57.9,"220,900"
25-Jun-24,61.06,61.06,60.81,61.0,57.8,"413,700"
26-Jun-24,60.84,60.98,60.71,60.88,57.68,"968,000"
27-Jun-24,61.05,61.05,60.72,60.81,57.62,"213,200"
28-Jun-24,61.26,61.35,60.89,61.09,57.88,"187,300"
01-Jul-24,61.57,61.57,61.07,61.13,57.92,"228,500"
02-Jul-24,61.24,61.37,60.96,61.36,58.14,"471,600"
03-Jul-24,61.73,62.3,61.73,62.23,58.96,"630,100"
05-Jul-24,62.53,62.57,62.13,62.52,59.24,"219,500"
08-Jul-24,62.72,62.72,62.32,62.45,59.17,"270,500"
09-Jul-24,62.49,62.63,62.3,62.55,59.27,"425,200"
10-Jul-24,62.71,62.88,62.58,62.88,59.58,"252,300"
11-Jul-24,63.56,63.56,63.02,63.19,59.87,"247,700"
12-Jul-24,63.29,63.64,63.27,63.46,60.13,"338,300"
15-Jul-24,63.13,63.13,62.74,62.79,59.49,"349,700"
16-Jul-24,62.79,63.12,62.76,63.1,59.79,"345,300"
17-Jul-24,62.31,62.42,62.01,62.03,58.77,"575,100"
18-Jul-24,62.03,62.14,61.27,61.43,58.21,"501,700"
19-Jul-24,61.05,61.16,60.65,60.72,57.53,"429,000"
22-Jul-24,61.1,61.27,60.92,61.21,58.0,"435,800"
23-Jul-24,61.08,61.08,60.62,60.76,57.57,"387,400"
24-Jul-24,60.5,60.61,59.92,59.96,56.81,"506,600"
25-Jul-24,59.43,60.11,59.33,59.65,56.52,"301,600"
26-Jul-24,60.33,60.49,60.09,60.4,57.23,"276,400"
29-Jul-24,60.56,60.56,59.88,60.1,56.95,"230,000"
30-Jul-24,60.13,60.13,59.63,59.85,56.71,"258,600"
31-Jul-24,61.06,61.36,60.87,61.18,57.97,"1,027,500"
01-Aug-24,61.02,61.15,59.97,60.19,57.03,"487,500"
02-Aug-24,58.85,59.28,58.85,59.17,56.06,"486,400"
05-Aug-24,56.72,57.52,55.65,57.2,54.2,"656,800"
06-Aug-24,56.83,57.83,56.72,57.36,54.35,"544,600"
07-Aug-24,59.99,59.99,57.95,58.01,54.97,"598,500"
08-Aug-24,58.95,59.42,58.54,59.3,56.19,"2,030,900"
09-Aug-24,59.54,59.76,59.24,59.65,56.52,"578,000"
12-Aug-24,59.89,60.1,59.72,59.9,56.76,"608,600"
13-Aug-24,59.98,60.55,59.92,60.48,57.31,"206,200"
14-Aug-24,60.41,60.49,60.01,60.22,57.06,"204,200"
15-Aug-24,60.57,60.96,60.49,60.82,57.63,"362,800"
16-Aug-24,61.15,61.55,61.15,61.49,58.26,"221,000"
19-Aug-24,61.8,62.32,61.8,62.28,59.01,"254,000"
20-Aug-24,61.92,62.0,61.5,61.67,58.43,"196,200"
21-Aug-24,61.7,62.03,61.66,61.92,58.67,"212,600"
22-Aug-24,61.63,61.66,60.94,61.01,57.81,"390,800"
23-Aug-24,61.55,62.15,61.46,62.07,58.81,"215,400"
26-Aug-24,61.82,61.83,61.5,61.62,58.39,"259,000"
27-Aug-24,61.68,61.84,61.5,61.8,58.56,"207,400"
28-Aug-24,61.49,61.53,61.04,61.26,58.04,"327,400"
29-Aug-24,61.41,61.67,61.3,61.36,58.14,"197,900"
30-Aug-24,61.62,61.63,61.16,61.54,58.31,"197,900"
03-Sep-24,60.97,61.02,60.14,60.26,57.1,"239,300"
04-Sep-24,60.08,60.63,60.08,60.31,57.14,"4,046,900"
05-Sep-24,60.1,60.59,60.1,60.33,57.16,"374,300"
06-Sep-24,60.51,60.51,59.1,59.2,56.09,"280,200"
09-Sep-24,59.53,59.9,59.5,59.89,56.75,"212,600"
10-Sep-24,59.6,59.6,59.03,59.49,56.37,"302,100"
11-Sep-24,59.29,60.0,58.79,60.0,56.85,"322,800"
12-Sep-24,59.99,60.37,59.83,60.35,57.18,"302,500"
13-Sep-24,60.73,60.86,60.64,60.81,57.62,"238,500"
16-Sep-24,60.88,61.01,60.67,60.94,57.74,"336,800"
17-Sep-24,61.13,61.25,60.82,60.98,57.78,"539,300"
18-Sep-24,61.0,61.52,60.65,60.73,57.54,"379,200"
19-Sep-24,61.67,62.19,61.42,61.93,58.68,"449,800"
20-Sep-24,61.92,61.92,61.56,61.73,58.49,"244,400"
23-Sep-24,62.25,62.38,61.97,62.24,58.97,"692,700"
24-Sep-24,63.58,64.33,63.42,64.2,60.83,"318,400"
25-Sep-24,63.57,63.88,63.4,63.47,60.14,"365,900"
26-Sep-24,65.63,65.81,65.08,65.56,62.12,"504,400"
27-Sep-24,65.76,65.93,65.35,65.5,62.06,"538,300"
30-Sep-24,65.21,65.34,64.38,64.6,61.21,"381,200"
01-Oct-24,64.97,65.05,64.3,64.96,61.55,"245,200"
02-Oct-24,66.12,66.12,65.44,66.06,62.59,"339,700"
03-Oct-24,65.04,65.35,64.84,65.18,61.76,"263,600"
04-Oct-24,65.59,65.76,65.28,65.76,62.31,"268,100"
07-Oct-24,66.21,66.31,65.79,66.14,62.67,"210,500"
08-Oct-24,64.53,64.71,64.13,64.64,61.25,"418,700"
09-Oct-24,63.77,64.48,63.76,64.26,60.89,"304,800"
10-Oct-24,64.37,64.58,64.0,64.53,61.14,"459,300"
11-Oct-24,64.15,64.97,64.15,64.86,61.46,"820,700"
14-Oct-24,64.56,65.05,64.45,64.77,61.37,"442,900"
15-Oct-24,64.19,64.19,63.21,63.33,60.01,"380,600"
16-Oct-24,63.89,64.2,63.88,64.08,60.72,"537,800"
17-Oct-24,63.95,64.11,63.72,63.86,60.51,"349,400"
18-Oct-24,64.83,64.83,64.35,64.37,60.99,"221,700"
21-Oct-24,63.86,64.13,63.56,63.95,60.59,"867,800"
22-Oct-24,63.73,63.92,63.63,63.83,60.48,"548,600"
23-Oct-24,63.71,63.81,63.25,63.54,60.21,"623,400"
24-Oct-24,63.4,63.5,63.08,63.38,60.05,"544,800"
25-Oct-24,63.76,63.8,63.18,63.3,59.98,"227,400"
28-Oct-24,63.48,63.69,63.37,63.54,60.21,"412,800"
29-Oct-24,63.37,63.47,63.22,63.3,59.98,"323,500"
30-Oct-24,62.71,63.03,62.67,62.75,59.46,"471,400"
31-Oct-24,62.82,62.82,62.11,62.49,59.21,"537,800"
01-Nov-24,63.18,63.18,62.58,62.59,59.31,"373,800"
04-Nov-24,63.06,63.19,62.72,62.74,59.45,"649,600"
05-Nov-24,63.43,63.69,63.36,63.67,60.33,"344,000"
06-Nov-24,62.58,63.12,62.25,62.9,59.6,"400,100"
07-Nov-24,64.07,64.53,64.0,64.35,60.97,"307,900"
08-Nov-24,63.24,63.28,62.44,62.75,59.46,"366,000"
11-Nov-24,62.51,62.51,61.92,62.21,58.95,"316,000"
12-Nov-24,61.47,61.47,60.8,61.05,57.85,"862,900"
13-Nov-24,61.01,61.01,60.44,60.61,57.43,"763,600"
14-Nov-24,60.6,60.66,60.3,60.33,57.16,"511,600"
15-Nov-24,60.49,60.52,60.16,60.29,57.13,"457,000"
18-Nov-24,60.56,60.96,60.47,60.92,57.72,"421,300"
19-Nov-24,60.85,61.18,60.81,61.1,57.89,"452,600"
20-Nov-24,61.06,61.06,60.69,61.05,57.85,"733,700"
21-Nov-24,60.87,61.07,60.64,60.93,57.73,"532,400"
22-Nov-24,60.9,61.04,60.75,60.98,57.78,"357,400"
25-Nov-24,61.36,61.36,60.9,61.17,57.96,"406,500"
26-Nov-24,61.08,61.1,60.75,60.84,57.65,"306,900"
27-Nov-24,61.12,61.2,60.63,60.91,57.71,"265,700"
29-Nov-24,60.34,61.11,60.34,61.04,57.84,"140,000"
02-Dec-24,61.26,61.35,60.93,61.27,58.05,"319,300"
03-Dec-24,61.21,61.55,60.84,61.55,58.32,"486,800"
04-Dec-24,61.75,61.8,61.54,61.72,58.48,"372,400"
05-Dec-24,61.85,62.08,61.85,61.92,58.67,"941,300"
06-Dec-24,62.1,62.13,61.72,61.85,58.6,"437,400"
09-Dec-24,62.95,63.34,62.81,62.91,59.61,"389,500"
10-Dec-24,62.5,62.5,61.93,61.97,58.72,"328,500"
11-Dec-24,62.38,62.46,62.09,62.39,59.12,"612,500"
12-Dec-24,62.16,62.31,61.92,61.94,58.69,"545,200"
13-Dec-24,62.08,62.08,61.77,62.0,58.75,"518,800"
16-Dec-24,61.98,61.98,61.49,61.49,58.26,"465,500"
17-Dec-24,60.04,60.24,59.77,60.17,58.24,"483,500"
18-Dec-24,60.18,60.24,58.54,58.59,56.71,"855,200"
19-Dec-24,59.5,59.5,59.01,59.01,57.12,"691,000"
20-Dec-24,58.89,59.6,58.8,59.34,57.44,"756,100"
23-Dec-24,59.43,59.68,59.18,59.68,57.77,"624,200"
24-Dec-24,59.68,59.87,59.54,59.87,57.95,"225,800"
26-Dec-24,59.49,59.78,59.49,59.65,57.74,"487,200"
27-Dec-24,59.26,59.35,59.02,59.32,57.42,"1,597,600"
30-Dec-24,58.91,58.97,58.62,58.75,56.87,"640,000"
31-Dec-24,58.96,59.03,58.51,58.79,56.9,"573,700"
02-Jan-25,58.86,59.05,58.59,58.74,56.86,"465,500"
03-Jan-25,59.1,59.29,58.94,59.19,57.29,"398,400"
06-Jan-25,59.65,59.85,59.35,59.35,57.45,"450,600"
07-Jan-25,59.73,59.79,59.0,59.11,57.21,"428,000"
08-Jan-25,58.94,58.94,58.46,58.78,56.89,"404,600"
10-Jan-25,57.86,57.88,57.45,57.6,55.75,"501,000"
13-Jan-25,56.85,57.11,56.79,57.11,55.28,"793,200"
14-Jan-25,57.72,57.79,57.44,57.71,55.86,"725,900"
15-Jan-25,58.27,58.48,58.12,58.4,56.53,"464,800"
16-Jan-25,58.63,58.64,58.38,58.43,56.56,"980,000"
17-Jan-25,58.67,59.24,58.6,58.82,56.93,"647,300"
21-Jan-25,59.37,59.56,59.04,59.46,57.55,"741,100"
22-Jan-25,59.49,59.65,59.31,59.42,57.51,"422,400"
23-Jan-25,59.4,59.68,59.26,59.66,57.75,"454,700"
24-Jan-25,59.88,60.03,59.6,59.84,57.92,"720,800"
27-Jan-25,58.62,58.84,58.37,58.58,56.7,"2,015,600"
28-Jan-25,58.58,58.96,58.2,58.95,57.06,"611,000"
29-Jan-25,59.23,59.39,58.83,59.05,57.16,"635,000"
30-Jan-25,59.61,60.08,59.29,59.84,57.92,"758,800"
31-Jan-25,59.86,60.09,59.17,59.21,57.31,"489,900"
03-Feb-25,58.27,59.06,58.14,58.7,56.82,"714,300"
04-Feb-25,59.28,59.77,59.19,59.58,57.67,"676,300"
05-Feb-25,59.47,59.8,59.47,59.64,57.73,"365,600"
06-Feb-25,59.81,60.01,59.78,59.98,58.06,"502,000"
07-Feb-25,60.64,60.64,59.73,59.75,57.83,"723,000"
10-Feb-25,60.29,60.39,60.14,60.38,58.44,"515,100"
11-Feb-25,59.99,60.27,59.84,60.22,58.29,"345,800"
12-Feb-25,60.03,60.66,60.02,60.49,58.55,"476,700"
13-Feb-25,60.11,60.9,60.09,60.87,58.92,"430,100"
14-Feb-25,61.25,61.25,60.91,61.16,59.2,"458,500"
18-Feb-25,61.42,61.67,61.41,61.64,59.66,"579,500"
19-Feb-25,61.7,61.7,61.39,61.54,59.57,"483,600"
20-Feb-25,61.9,62.18,61.67,61.95,59.96,"449,600"
21-Feb-25,62.17,62.35,61.43,61.58,59.6,"697,100"
24-Feb-25,61.46,61.46,60.82,60.86,58.91,"467,200"
25-Feb-25,61.08,61.08,60.59,60.89,58.94,"410,800"
26-Feb-25,61.4,61.79,61.2,61.34,59.37,"447,100"
27-Feb-25,60.89,60.93,60.07,60.07,58.14,"742,700"
28-Feb-25,59.08,59.33,58.8,59.26,57.36,"654,600"
03-Mar-25,59.61,59.73,58.49,58.7,56.82,"673,000"
04-Mar-25,59.05,59.88,58.63,59.29,57.39,"619,000"
05-Mar-25,60.43,61.29,60.37,61.13,59.17,"736,700"
06-Mar-25,61.09,61.37,60.73,60.82,58.87,"507,200"
07-Mar-25,60.84,61.28,60.56,61.19,59.23,"444,900"
10-Mar-25,60.18,60.38,59.33,59.68,57.77,"739,100"
11-Mar-25,59.94,60.41,59.69,60.09,58.16,"766,600"
12-Mar-25,60.49,60.62,60.1,60.51,58.57,"398,600"
13-Mar-25,60.17,60.47,59.91,60.24,58.31,"475,000"
14-Mar-25,61.09,61.52,61.04,61.48,59.51,"462,100"
17-Mar-25,61.52,62.5,61.52,62.39,60.39,"531,100"
18-Mar-25,62.35,62.35,61.91,62.18,60.19,"490,600"
19-Mar-25,62.38,62.64,62.08,62.4,60.4,"720,200"
20-Mar-25,61.6,61.98,61.5,61.8,59.82,"577,400"
21-Mar-25,61.51,61.74,61.39,61.64,59.66,"466,800"
24-Mar-25,61.83,62.14,61.81,61.96,59.97,"589,300"
25-Mar-25,61.79,61.99,61.68,61.72,59.74,"429,000"
26-Mar-25,61.68,61.69,61.15,61.3,59.33,"492,800"
27-Mar-25,61.36,61.73,61.27,61.54,59.57,"361,400"
28-Mar-25,60.91,60.94,60.25,60.4,58.46,"462,300"
31-Mar-25,59.56,60.25,59.42,60.17,58.24,"995,300"
01-Apr-25,60.21,60.73,60.09,60.61,58.67,"1,048,100"
02-Apr-25,60.39,60.95,60.39,60.71,58.76,"466,600"
03-Apr-25,59.52,59.92,59.41,59.48,57.57,"614,600"
04-Apr-25,57.29,57.29,55.59,56.1,54.3,"1,492,100"
07-Apr-25,53.49,55.81,53.21,53.99,52.26,"3,639,900"
08-Apr-25,55.2,55.42,52.52,53.08,51.38,"2,357,500"
09-Apr-25,52.96,56.9,52.65,56.7,54.88,"1,094,100"
10-Apr-25,56.07,56.35,54.91,55.83,54.04,"1,279,600"
11-Apr-25,56.47,57.63,56.4,57.49,55.65,"865,300"
14-Apr-25,58.12,58.52,57.79,58.17,56.3,"933,200"
15-Apr-25,58.44,58.57,58.18,58.25,56.38,"739,800"
16-Apr-25,57.96,58.19,57.29,57.57,55.72,"798,200"
17-Apr-25,58.39,58.49,57.96,58.08,56.22,"472,500"
21-Apr-25,58.35,58.35,57.63,58.1,56.24,"495,700"
22-Apr-25,58.69,59.38,58.69,59.02,57.13,"1,095,500"
23-Apr-25,59.87,60.21,59.47,59.55,57.64,"582,700"
24-Apr-25,59.82,60.51,59.72,60.42,58.48,"1,291,100"
25-Apr-25,59.88,60.16,59.71,60.15,58.22,"442,700"
28-Apr-25,60.39,60.39,60.0,60.32,58.38,"458,800"
29-Apr-25,60.47,60.72,60.45,60.58,58.64,"503,300"
30-Apr-25,60.45,60.68,60.05,60.51,58.57,"483,800"
01-May-25,60.87,60.88,60.47,60.54,58.6,"529,500"
02-May-25,62.66,62.66,62.11,62.36,60.36,"766,700"
05-May-25,62.8,62.96,62.68,62.72,60.71,"671,700"
06-May-25,62.02,62.65,62.02,62.43,60.43,"346,000"
07-May-25,62.01,62.01,61.59,61.79,59.81,"611,600"
08-May-25,61.94,62.09,61.57,61.66,59.68,"582,600"
09-May-25,62.32,62.58,62.12,62.22,60.22,"428,000"
12-May-25,63.84,63.84,63.31,63.69,61.65,"12,045,200"
13-May-25,63.45,64.18,63.31,63.99,61.94,"5,501,600"
14-May-25,64.48,64.62,64.32,64.43,62.36,"533,400"
15-May-25,64.49,64.53,64.18,64.53,62.46,"646,400"
16-May-25,64.38,64.58,64.22,64.55,62.48,"589,400"
19-May-25,64.18,64.76,64.15,64.75,62.67,"362,300"
20-May-25,64.38,64.66,64.38,64.64,62.57,"935,900"
21-May-25,65.05,65.17,64.53,64.59,62.52,"457,900"
22-May-25,64.44,64.71,64.27,64.49,62.42,"509,900"
23-May-25,64.43,64.94,64.29,64.84,62.76,"539,600"
27-May-25,64.85,65.0,64.7,64.99,62.91,"540,600"
28-May-25,64.8,64.82,64.6,64.68,62.6,"701,400"
29-May-25,65.4,65.41,64.89,65.13,63.04,"591,600"
30-May-25,64.55,64.55,63.91,64.31,62.25,"451,800"
02-Jun-25,64.6,64.92,64.39,64.92,62.84,"652,900"
03-Jun-25,64.89,65.16,64.74,65.08,62.99,"512,000"
04-Jun-25,65.76,65.98,65.66,65.83,63.72,"482,000"
05-Jun-25,66.31,66.47,66.01,66.16,64.04,"485,400"
06-Jun-25,66.31,66.59,66.25,66.57,64.43,"420,800"
09-Jun-25,67.09,67.24,66.84,67.1,64.95,"503,900"
10-Jun-25,67.49,67.72,67.21,67.57,65.4,"679,000"
11-Jun-25,67.93,68.04,67.66,67.73,65.56,"609,300"
12-Jun-25,67.94,68.19,67.79,68.11,65.92,"465,800"
13-Jun-25,67.13,67.46,67.0,67.19,65.03,"494,800"
16-Jun-25,67.92,68.38,67.92,68.03,65.85,"1,030,800"
17-Jun-25,67.48,67.59,66.92,67.04,64.89,"511,000"
18-Jun-25,67.28,67.28,66.85,67.02,64.87,"1,166,900"
20-Jun-25,67.13,67.13,66.34,66.43,64.3,"1,691,600"
23-Jun-25,66.4,67.0,66.19,66.96,64.81,"724,100"
24-Jun-25,67.21,67.97,67.14,67.94,66.48,"387,800"
25-Jun-25,67.95,67.99,67.75,67.95,66.49,"557,800"
26-Jun-25,68.28,68.44,68.13,68.36,66.89,"1,130,000"
27-Jun-25,68.12,68.43,68.0,68.25,66.78,"517,700"
30-Jun-25,68.19,68.54,68.03,68.54,67.06,"727,600"
01-Jul-25,68.69,68.78,68.37,68.64,67.16,"604,800"
02-Jul-25,68.44,69.04,68.37,69.04,67.55,"724,800"
03-Jul-25,69.2,69.47,69.15,69.42,67.93,"274,000"
07-Jul-25,68.61,68.75,68.15,68.33,66.86,"494,900"
08-Jul-25,68.81,68.86,68.58,68.79,67.31,"527,100"
09-Jul-25,68.94,68.94,68.6,68.83,67.35,"616,300"
10-Jul-25,69.03,69.04,68.69,68.98,67.49,"998,300"
11-Jul-25,68.92,68.96,68.77,68.87,67.39,"431,800"
14-Jul-25,68.95,69.14,68.83,69.06,67.57,"446,900"
15-Jul-25,69.69,69.77,69.37,69.55,68.05,"543,800"
16-Jul-25,69.47,69.78,69.1,69.7,68.2,"623,200"
17-Jul-25,69.7,70.23,69.58,70.07,68.56,"727,100"
18-Jul-25,70.32,70.32,69.85,69.86,68.36,"1,085,800"
21-Jul-25,70.3,70.7,70.18,70.42,68.9,"515,900"
22-Jul-25,70.15,70.4,69.85,70.37,68.85,"4,640,100"
23-Jul-25,70.65,71.12,70.65,71.06,69.53,"690,300"
24-Jul-25,70.91,70.93,70.66,70.66,69.14,"438,100"
25-Jul-25,70.35,70.53,70.17,70.53,69.01,"492,400"
28-Jul-25,70.22,70.22,69.77,69.91,68.4,"564,900"
29-Jul-25,70.27,70.33,70.04,70.18,68.67,"480,200"
30-Jul-25,69.98,70.01,69.47,69.66,68.16,"1,042,200"
31-Jul-25,69.42,69.48,69.03,69.17,67.68,"603,600"
01-Aug-25,68.95,68.95,68.27,68.54,67.06,"1,015,900"
04-Aug-25,69.41,69.45,69.15,69.32,67.83,"440,000"
05-Aug-25,69.68,69.79,69.37,69.58,68.08,"577,400"
06-Aug-25,69.75,70.01,69.57,69.97,68.46,"602,100"
07-Aug-25,70.74,70.77,70.32,70.54,69.02,"876,500"
08-Aug-25,70.38,70.58,70.36,70.55,69.03,"393,400"
11-Aug-25,70.53,70.56,70.27,70.31,68.8,"372,200"
12-Aug-25,70.71,71.25,70.59,71.23,69.7,"545,700"
13-Aug-25,71.85,71.96,71.67,71.8,70.25,"558,300"
14-Aug-25,70.91,71.19,70.82,71.03,69.5,"563,900"
15-Aug-25,71.32,71.39,71.15,71.23,69.7,"494,400"
18-Aug-25,71.59,71.68,71.48,71.67,70.13,"509,700"
19-Aug-25,71.37,71.39,70.83,70.93,69.4,"654,300"
20-Aug-25,70.73,70.82,70.38,70.78,69.26,"840,800"
21-Aug-25,70.7,70.89,70.6,70.77,69.25,"452,400"
22-Aug-25,71.1,72.16,71.02,72.09,70.54,"545,600"
25-Aug-25,71.94,72.14,71.68,71.75,70.21,"544,300"
26-Aug-25,71.61,71.71,71.47,71.63,70.09,"509,900"
27-Aug-25,70.89,71.3,70.75,71.26,69.73,"1,175,200"
28-Aug-25,71.28,71.63,71.25,71.59,70.05,"687,300"
29-Aug-25,71.09,71.23,70.87,71.09,69.56,"584,000"
02-Sep-25,70.41,70.98,70.34,70.89,69.36,"448,300"
03-Sep-25,71.25,71.38,71.07,71.35,69.81,"877,900"
04-Sep-25,70.89,71.15,70.69,71.15,69.62,"537,000"
05-Sep-25,72.09,72.29,71.68,72.09,70.54,"423,300"
08-Sep-25,72.52,72.78,72.4,72.76,71.19,"630,500"
09-Sep-25,73.04,73.29,73.0,73.06,71.49,"932,200"
10-Sep-25,73.83,74.03,73.63,73.73,72.14,"1,060,600"
11-Sep-25,74.06,74.54,73.96,74.42,72.82,"833,600"
12-Sep-25,74.45,74.48,74.23,74.34,72.74,"535,500"
15-Sep-25,74.62,74.87,74.57,74.8,73.19,"2,786,800"
16-Sep-25,75.14,75.3,74.91,75.24,73.62,"4,175,900"
17-Sep-25,75.43,75.91,74.99,75.39,73.77,"1,647,700"
18-Sep-25,74.96,75.31,74.77,75.25,73.63,"1,371,800"
19-Sep-25,75.19,75.26,74.96,75.11,73.49,"722,800"
22-Sep-25,75.13,75.48,74.97,75.41,73.79,"1,106,100"
23-Sep-25,75.28,75.49,75.11,75.19,73.57,"874,000"
24-Sep-25,75.03,75.08,74.61,74.71,73.1,"1,076,900"
25-Sep-25,74.39,74.5,74.04,74.27,72.67,"1,117,300"
26-Sep-25,73.84,74.18,73.71,74.17,72.57,"1,102,400"
29-Sep-25,75.02,75.06,74.72,74.77,73.16,"1,806,800"
30-Sep-25,75.04,75.2,74.86,75.11,73.49,"1,466,100"
01-Oct-25,75.44,75.89,75.44,75.78,74.15,"2,221,900"
02-Oct-25,76.37,76.37,75.63,75.91,74.28,"902,200"
03-Oct-25,76.19,76.33,75.87,76.11,74.47,"561,200"
06-Oct-25,76.35,76.63,76.31,76.49,74.84,"763,000"
07-Oct-25,76.72,76.72,75.82,75.85,74.22,"615,600"
08-Oct-25,76.04,76.54,75.97,76.49,74.84,"744,700"
09-Oct-25,76.68,76.68,75.69,75.87,74.24,"844,800"
10-Oct-25,75.88,75.94,72.94,73.09,71.52,"1,218,700"
13-Oct-25,75.27,75.54,74.93,75.31,73.69,"728,700"
14-Oct-25,74.08,74.96,73.84,74.45,72.85,"730,400"
15-Oct-25,75.67,75.9,75.27,75.8,74.17,"993,400"
16-Oct-25,76.55,76.8,76.04,76.3,74.66,"2,192,000"
17-Oct-25,75.61,76.24,75.61,76.1,74.46,"859,500"
20-Oct-25,76.64,77.14,76.57,77.0,75.34,"751,700"
21-Oct-25,76.52,76.52,76.14,76.14,74.5,"816,500"
22-Oct-25,76.44,76.71,75.77,76.25,74.61,"748,700"
23-Oct-25,76.43,76.95,76.36,76.73,75.08,"739,400"
24-Oct-25,77.21,77.35,77.1,77.2,75.54,"571,000"
27-Oct-25,77.91,78.01,77.64,78.0,76.32,"958,100"
28-Oct-25,77.56,78.08,77.37,78.0,76.32,"779,300"
29-Oct-25,78.66,78.76,78.0,78.36,76.67,"1,120,800"
30-Oct-25,77.62,77.89,77.4,77.58,75.91,"852,700"
31-Oct-25,77.57,77.62,77.18,77.53,75.86,"936,800"
03-Nov-25,78.13,78.27,77.7,78.19,76.51,"738,100"
04-Nov-25,76.74,77.16,76.52,76.58,74.93,"839,700"
05-Nov-25,76.74,77.6,76.6,77.39,75.72,"1,018,200"
06-Nov-25,77.4,77.43,76.57,76.77,75.12,"931,000"
07-Nov-25,76.17,76.58,75.6,76.58,74.93,"702,000"
10-Nov-25,77.68,78.08,77.48,78.01,76.33,"713,000"
11-Nov-25,77.99,78.22,77.75,78.11,76.43,"690,900"
12-Nov-25,78.3,78.3,78.01,78.2,76.52,"683,900"
13-Nov-25,78.32,78.39,77.21,77.41,75.74,"927,700"
14-Nov-25,76.9,77.93,76.75,77.58,75.91,"753,900"
17-Nov-25,76.91,77.35,76.32,76.6,74.95,"800,500"
18-Nov-25,75.82,76.26,75.49,75.98,74.34,"4,962,600"
19-Nov-25,75.81,76.29,75.53,75.87,74.24,"1,266,700"
20-Nov-25,76.72,76.75,74.85,74.88,73.27,"1,405,200"
21-Nov-25,74.3,75.15,73.79,74.82,73.21,"1,284,400"
24-Nov-25,74.85,75.65,74.8,75.61,73.98,"1,081,300"
25-Nov-25,75.53,75.99,75.07,75.96,74.32,"1,551,500"
26-Nov-25,76.29,76.68,76.13,76.53,74.88,"1,183,800"
28-Nov-25,76.55,76.81,76.46,76.8,75.15,"582,400"
01-Dec-25,76.59,76.98,76.57,76.7,75.05,"1,288,000"
02-Dec-25,76.97,76.99,76.53,76.91,75.25,"1,259,600"
03-Dec-25,76.65,76.93,76.52,76.91,75.25,"992,200"
04-Dec-25,77.01,77.01,76.6,76.82,75.17,"784,700"
05-Dec-25,77.53,77.87,77.14,77.25,75.59,"1,169,800"
08-Dec-25,77.28,77.28,76.71,76.99,75.33,"753,700"
09-Dec-25,76.56,77.04,76.53,77.01,75.35,"859,600"
10-Dec-25,77.06,77.81,76.88,77.63,75.96,"841,800"
11-Dec-25,77.08,77.5,76.86,77.43,75.76,"984,300"
12-Dec-25,77.57,77.57,76.34,76.51,74.86,"1,236,500"
15-Dec-25,77.19,77.19,76.47,76.52,74.87,"1,242,400"
16-Dec-25,74.84,74.97,74.42,74.8,74.32,"4,571,100"
17-Dec-25,75.13,75.17,74.14,74.16,73.69,"1,561,500"
18-Dec-25,75.17,75.46,74.92,75.06,74.58,"1,095,600"
19-Dec-25,75.52,76.14,75.52,75.89,75.4,"1,263,300"
22-Dec-25,76.21,76.37,76.13,76.32,75.83,"708,500"
23-Dec-25,76.21,76.75,76.1,76.75,76.26,"919,400"
24-Dec-25,76.83,76.91,76.72,76.87,76.38,"447,800"
26-Dec-25,77.05,77.3,76.91,77.3,76.8,"1,069,000"
29-Dec-25,76.95,77.09,76.71,77.01,76.52,"678,900"
30-Dec-25,77.36,77.39,77.08,77.22,76.73,"844,900"
31-Dec-25,77.16,77.25,76.98,77.02,76.53,"1,063,400"
02-Jan-26,78.44,78.89,78.35,78.88,78.37,"1,417,800"
05-Jan-26,79.15,79.56,78.93,79.45,78.94,"1,197,600"
06-Jan-26,80.0,80.38,79.95,80.17,79.66,"1,052,200"
07-Jan-26,80.02,80.03,79.67,79.72,79.21,"737,900"
08-Jan-26,79.42,79.59,79.22,79.53,79.02,"1,114,400"
09-Jan-26,79.6,80.06,79.44,79.98,79.47,"2,001,800"
12-Jan-26,80.08,81.07,79.99,80.99,80.47,"1,092,300"
13-Jan-26,80.86,80.9,80.32,80.56,80.04,"3,636,600"
14-Jan-26,80.75,81.07,80.62,81.05,80.53,"4,164,400"
15-Jan-26,81.69,82.05,81.36,81.63,81.11,"1,815,000"
16-Jan-26,81.48,81.49,80.93,81.3,80.78,"1,810,900"
20-Jan-26,80.77,81.18,80.38,80.6,80.08,"2,423,400"
21-Jan-26,81.39,82.06,81.25,81.7,81.18,"1,800,200"
22-Jan-26,82.33,82.63,82.04,82.3,81.77,"1,229,300"
23-Jan-26,82.09,82.95,81.98,82.86,82.33,"1,144,100"
26-Jan-26,82.92,83.44,82.89,83.1,82.57,"1,136,700"
27-Jan-26,84.11,84.62,83.96,84.6,84.06,"1,559,400"
28-Jan-26,85.25,85.37,84.68,85.21,84.66,"1,574,200"
29-Jan-26,85.51,85.65,83.71,84.91,84.37,"2,524,700"
30-Jan-26,84.09,84.4,82.73,83.16,82.63,"1,819,300"
02-Feb-26,82.26,83.6,82.16,83.4,82.87,"1,556,000"
03-Feb-26,84.35,84.44,83.08,83.86,83.32,"2,677,800"
04-Feb-26,84.52,84.55,82.7,83.08,82.55,"2,488,600"
05-Feb-26,82.64,83.36,82.24,82.66,82.13,"2,522,600"
06-Feb-26,83.57,84.75,83.45,84.74,84.2,"1,639,200"
09-Feb-26,84.78,85.79,84.63,85.63,85.08,"1,825,600"
10-Feb-26,85.74,85.92,85.38,85.71,85.16,"1,407,400"
11-Feb-26,86.67,87.13,86.0,87.04,86.48,"1,933,600"
12-Feb-26,87.56,87.56,85.79,85.95,85.4,"1,621,000"
13-Feb-26,85.96,86.41,85.06,86.27,85.72,"1,793,000"
17-Feb-26,85.82,86.3,85.08,86.09,85.54,"1,541,000"
18-Feb-26,86.35,86.98,86.09,86.48,85.93,"1,389,900"
19-Feb-26,85.97,86.31,85.65,86.28,85.73,"3,687,000"
20-Feb-26,86.45,88.31,86.35,88.29,87.72,"7,611,800"
23-Feb-26,87.92,88.29,87.29,87.48,86.92,"3,139,600"
24-Feb-26,88.19,89.01,87.93,88.74,88.17,"3,163,700"
25-Feb-26,89.69,89.75,89.22,89.6,89.03,"1,971,300"
26-Feb-26,89.72,89.72,87.95,88.85,88.28,"1,528,000"
27-Feb-26,88.24,88.85,88.11,88.7,88.13,"1,218,800"
02-Mar-26,86.35,87.8,86.25,87.36,86.8,"1,667,400"
03-Mar-26,82.64,83.73,80.88,83.13,82.6,"1,639,100"
04-Mar-26,82.99,84.43,82.67,83.86,83.32,"2,131,300"
05-Mar-26,82.62,83.21,80.87,81.96,81.44,"2,519,900"
06-Mar-26,80.92,81.98,80.47,81.34,80.82,"1,438,400"
09-Mar-26,80.43,83.1,79.73,82.81,82.28,"2,061,400"
10-Mar-26,83.0,84.55,82.55,83.03,82.56,"1,784,900"
11-Mar-26,83.03,83.59,82.64,83.17,82.7,"1,517,900"
12-Mar-26,82.32,82.41,80.67,80.72,80.26,"4,685,800"
13-Mar-26,81.67,82.21,80.35,80.47,80.01,"2,312,200"
16-Mar-26,82.19,82.88,82.04,82.57,82.1,"2,053,200"
17-Mar-26,83.28,83.5,82.81,83.17,82.7,"1,512,300"
18-Mar-26,82.61,82.98,81.59,81.6,81.14,"1,729,300"
19-Mar-26,80.25,82.2,79.98,81.86,81.39,"3,252,500"
20-Mar-26,81.04,81.06,78.81,79.02,78.57,"2,438,500"
23-Mar-26,80.49,82.11,80.38,81.38,80.92,"1,833,600"
24-Mar-26,79.7,80.78,79.56,80.28,79.82,"1,895,800"
25-Mar-26,81.59,82.08,81.18,81.5,81.04,"1,619,900"
26-Mar-26,80.0,80.39,78.69,78.73,78.28,"1,879,800"
27-Mar-26,78.93,79.36,78.38,78.6,78.15,"1,265,100"
30-Mar-26,79.0,79.05,77.4,77.78,77.34,"1,518,900"
31-Mar-26,78.07,80.66,78.02,80.58,80.12,"4,210,400"
01-Apr-26,81.17,82.06,80.94,81.28,80.82,"6,221,300"
02-Apr-26,79.1,81.03,79.0,80.67,80.21,"2,403,200"
06-Apr-26,81.18,81.72,80.81,81.33,80.87,"4,231,800"
07-Apr-26,81.27,81.58,80.15,81.57,81.11,"1,379,600"
08-Apr-26,86.28,86.28,84.92,85.69,85.2,"1,821,700"
09-Apr-26,84.94,85.93,84.52,85.65,85.16,"2,225,800"
10-Apr-26,86.25,86.46,85.75,85.96,85.47,"1,295,000"
13-Apr-26,85.41,86.82,85.32,86.73,86.24,"1,704,800"
14-Apr-26,87.41,88.16,87.28,88.14,87.64,"2,074,000"
15-Apr-26,87.79,88.02,87.47,87.84,87.34,"1,121,600"
16-Apr-26,88.14,88.47,87.58,88.11,87.61,"1,222,500"
17-Apr-26,89.74,90.68,89.57,89.91,89.4,"1,471,300"
20-Apr-26,89.12,89.37,88.75,89.24,88.73,"1,683,300"
21-Apr-26,89.45,89.52,87.9,88.0,87.5,"1,261,200"
22-Apr-26,89.13,89.88,89.01,89.82,89.31,"1,700,000"
23-Apr-26,88.75,89.19,87.26,88.18,87.68,"1,461,500"
24-Apr-26,89.16,89.95,88.99,89.79,89.28,"1,318,500"
27-Apr-26,89.86,90.01,89.31,89.49,88.98,"1,198,200"
28-Apr-26,88.56,89.03,88.2,88.82,88.31,"2,018,400"
29-Apr-26,89.1,89.1,88.22,88.57,88.07,"1,202,200"
30-Apr-26,89.39,90.58,88.87,90.36,89.85,"2,432,500"
01-May-26,90.21,91.31,90.14,90.53,90.01,"1,281,600"
04-May-26,90.76,91.43,89.96,90.38,89.87,"2,123,900"
05-May-26,91.78,92.56,91.65,92.23,91.7,"2,252,100"
06-May-26,93.96,94.85,93.56,94.78,94.24,"1,818,600"
07-May-26,95.13,95.13,93.56,93.74,93.21,"2,755,500"
08-May-26,94.88,95.67,94.83,95.66,95.12,"1,414,100"
11-May-26,95.66,96.07,95.35,95.83,95.28,"1,514,500"
12-May-26,93.74,94.05,91.92,93.12,92.59,"2,805,600"
13-May-26,94.15,95.23,93.66,94.88,94.34,"1,378,300"
14-May-26,94.51,95.22,94.29,95.03,94.49,"1,501,600"
15-May-26,92.24,92.43,91.41,91.88,91.36,"1,442,000"
18-May-26,92.66,92.67,90.66,91.47,90.95,"1,874,000"
19-May-26,89.64,91.3,89.36,90.47,89.95,"2,430,900"
20-May-26,90.82,92.29,90.66,92.23,91.7,"2,359,200"
21-May-26,92.09,93.51,91.86,93.11,92.58,"4,255,400"
22-May-26,93.39,93.76,92.91,93.05,92.52,"1,467,600"
26-May-26,95.93,97.03,95.92,96.92,96.37,"2,243,200"
27-May-26,97.12,97.29,95.82,96.53,95.98,"1,845,900"
28-May-26,95.65,97.19,95.24,96.98,96.43,"4,828,300"
29-May-26,97.37,97.69,96.71,96.94,96.39,"2,341,200"
01-Jun-26,97.92,99.41,97.4,98.88,98.32,"1,838,000"
02-Jun-26,98.85,99.67,98.63,99.58,99.01,"1,635,800"
03-Jun-26,99.29,99.46,97.86,98.2,97.64,"2,131,900"
04-Jun-26,96.79,97.82,96.06,97.52,96.96,"1,458,600"
05-Jun-26,94.38,94.68,90.96,91.23,90.71,"2,592,900"
08-Jun-26,93.54,93.97,92.92,93.23,92.7,"1,965,300"
09-Jun-26,94.71,94.92,90.18,92.69,92.69,"2,102,900"
10-Jun-26,92.01,93.45,91.01,91.14,91.14,"2,033,700"
11-Jun-26,92.21,95.62,92.0,95.32,95.32,"1,620,200"
12-Jun-26,95.31,96.21,94.62,95.72,95.72,"985,200"
15-Jun-26,98.5,98.82,98.05,98.66,98.66,"1,149,900"
16-Jun-26,98.0,98.5,96.82,96.91,96.91,"1,275,300"
17-Jun-26,98.21,98.83,96.58,96.65,96.65,"1,429,500"
18-Jun-26,98.8,100.0,98.73,99.71,99.71,"1,447,000"
22-Jun-26,100.42,100.83,99.85,100.18,100.18,"1,511,300"
23-Jun-26,94.82,96.13,94.57,94.7,94.7,"1,394,800"
24-Jun-26,95.0,95.34,93.9,94.78,94.78,"1,471,200"
25-Jun-26,97.07,97.11,94.77,95.62,95.62,"1,406,400"
26-Jun-26,93.56,95.34,93.43,94.4,94.4,"1,277,700"
29-Jun-26,94.41,95.13,92.89,95.1,95.1,"997,400"
30-Jun-26,95.33,96.62,95.12,96.49,96.49,"1,419,100"
01-Jul-26,94.22,94.96,93.46,93.54,93.54,"1,881,200"
02-Jul-26,93.9,94.85,91.26,92.44,92.44,"2,436,500"
06-Jul-26,94.74,95.6,94.73,95.31,95.31,"2,759,200"
07-Jul-26,93.04,93.48,91.96,92.59,92.59,"1,406,400"
08-Jul-26,91.85,93.29,91.54,93.24,93.24,"1,714,700"
09-Jul-26,93.9,94.24,93.47,93.97,93.97,"3,292,500"
10-Jul-26,93.76,94.35,93.23,94.14,94.14,"2,671,100"
13-Jul-26,92.0,92.13,90.9,91.0,91.0,"1,549,500"
14-Jul-26,92.31,92.61,91.67,92.43,92.43,"1,565,700"
15-Jul-26,92.57,92.72,90.75,92.0,92.0,"1,497,800"
16-Jul-26,90.65,91.13,90.08,90.39,90.39,"1,235,000"
17-Jul-26,88.01,90.11,87.5,89.26,89.26,"3,557,900"
20-Jul-26,89.96,90.14,89.2,89.29,89.29,"1,667,700"
21-Jul-26,91.27,91.87,90.91,91.7,91.7,"2,330,000"
22-Jul-26,91.1,91.91,91.08,91.59,91.59,"1,930,700"
23-Jul-26,90.87,91.56,90.18,90.96,90.96,"1,497,100"
24-Jul-26,90.26,90.37,89.19,89.29,89.29,"1,654,800"
27-Jul-26,90.24,90.39,88.43,89.53,89.53,"1,388,100"
28-Jul-26,87.32,88.32,86.78,87.75,87.75,"1,521,100"
29-Jul-26,86.88,88.08,85.51,85.87,85.87,"3,615,900"
30-Jul-26,87.71,89.55,87.5,89.42,89.42,"2,769,000"
31-Jul-26,90.8,90.95,88.68,89.51,89.51,"2,521,100"
03-Aug-26,89.26,90.34,88.79,90.23,90.23,"1,735,300"
04-Aug-26,91.56,92.79,91.39,92.6,92.6,"1,592,700"
05-Aug-26,92.4,92.87,92.09,92.18,92.18,"1,570,300"
06-Aug-26,91.08,92.38,90.8,91.67,91.67,"1,883,000"
07-Aug-26,92.74,92.85,91.48,92.27,92.27,"1,390,200"
10-Aug-26,91.89,92.15,91.63,91.87,91.87,"1,120,400"
11-Aug-26,92.51,92.57,91.81,92.08,92.08,"1,215,500"
12-Aug-26,93.85,93.85,93.27,93.5,93.5,"1,531,400"
13-Aug-26,93.51,94.27,93.34,93.87,93.87,"2,457,500"
14-Aug-26,94.02,94.29,93.44,93.66,93.66,"1,440,100"
17-Aug-26,94.54,95.38,94.43,94.51,94.51,"1,499,912"
