Date,Type,Security/Payee,Description/Category,Shares Out,Shares In,Share Balance,Cash Out,Cash In,Invest Amt,Balance
3/5/16,Placeholder,FREE MARKET US EQTY FD INST CL SHRS,+3 shares (to reach 897.476 on 04/18/23),,3,3,,,80.26,0
3/6/16,Buy,FREE MARKET US EQTY FD INST CL SHRS,669.823 shares @ 3.00,,669.823,672.823,"2,009.47",,"2,009.47","-2,009.47"
3/8/16,Buy,FREE MARKET INTL EQTY FD INST CL SHR,874.439 shares @ 8.92000471,,874.439,874.439,"7,800.00",,"7,800.00","-9,809.47"
3/8/16,Buy,FREE MARKET FIXED INCM FD INST CL SHRS,"1,100.386 shares @ 10.36000095",,"1,100.39","1,100.39","11,400.00",,"11,400.00","-21,209.47"
5/23/16,Payment/Deposit,Abp Fee,Uncategorized,,,,1.5,,,"-21,210.97"
6/23/16,Payment/Deposit,Abp Fee,Uncategorized,,,,1.55,,,"-21,212.52"
7/7/16,Payment/Deposit,Mgmtfee To Advisor Mgmtfee To Advisor,Uncategorized,,,,138.61,,,"-21,351.13"
7/25/16,Payment/Deposit,Abp Fee,Uncategorized,,,,1.5,,,"-21,352.63"
8/23/16,Payment/Deposit,Abp Fee,Uncategorized,,,,1.55,,,"-21,354.18"
9/23/16,Payment/Deposit,Abp Fee,Uncategorized,,,,1.55,,,"-21,355.73"
9/30/16,Reinvest Dividend,FREE MARKET FIXED INCM FD INST CL SHRS,2.496 shares @ 10.40865385,,2.496,"1,102.88",,,25.98,"-21,355.73"
10/6/16,Payment/Deposit,Mgmtfee To Advisor Mgmtfee To Advisor,Uncategorized,,,,77.03,,,"-21,432.76"
10/6/16,Payment/Deposit,Tfr Td Bank. Na. Arnold Tfr Td Bank. Na. Arnold W. And El,Uncategorized,,,,,"3,000.00",,"-18,432.76"
10/10/16,Buy,FREE MARKET US EQTY FD INST CL SHRS,38.602 shares @ 16.36003316,,38.602,711.425,631.53,,631.53,"-19,064.29"
10/10/16,Buy,FREE MARKET INTL EQTY FD INST CL SHR,65.083 shares @ 9.42995867,,65.083,939.522,613.73,,613.73,"-19,678.02"
10/10/16,Buy,FREE MARKET FIXED INCM FD INST CL SHRS,139.837 shares @ 10.38001387,,139.837,"1,242.72","1,451.51",,"1,451.51","-21,129.53"
10/15/16,Payment/Deposit,Bank Interest,Uncategorized,,,,,0.01,,"-21,129.52"
10/24/16,Payment/Deposit,Abp Fee,Uncategorized,,,,1.5,,,"-21,131.02"
11/15/16,Payment/Deposit,Bank Interest,Uncategorized,,,,,0.01,,"-21,131.01"
11/23/16,Payment/Deposit,Abp Fee,Uncategorized,,,,1.64,,,"-21,132.65"
12/15/16,Payment/Deposit,Bank Interest,Uncategorized,,,,,0.01,,"-21,132.64"
12/23/16,Payment/Deposit,Abp Fee,Uncategorized,,,,1.8,,,"-21,134.44"
12/29/16,Reinvest Dividend,FREE MARKET US EQTY FD INST CL SHRS,6.124 shares @ 17.27139125,,6.124,717.549,,,105.77,"-21,134.44"
12/29/16,Reinvest Long-term Capital Gain,FREE MARKET US EQTY FD INST CL SHRS,27.859 shares @ 17.27018199,,27.859,745.408,,,481.13,"-21,134.44"
12/29/16,Reinvest Long-term Capital Gain,FREE MARKET INTL EQTY FD INST CL SHR,10.818 shares @ 9.20965058,,10.818,950.34,,,99.63,"-21,134.44"
12/29/16,Reinvest Dividend,FREE MARKET INTL EQTY FD INST CL SHR,19.048 shares @ 9.2098908,,19.048,969.388,,,175.43,"-21,134.44"
12/30/16,Reinvest Dividend,FREE MARKET FIXED INCM FD INST CL SHRS,5.935 shares @ 10.23925864,,5.935,"1,248.65",,,60.77,"-21,134.44"
1/10/17,Payment/Deposit,Mgmtfee To Advisor Mgmtfee To Advisor,Uncategorized,,,,94.11,,,"-21,228.55"
1/15/17,Payment/Deposit,Bank Interest,Uncategorized,,,,,0.02,,"-21,228.53"
1/23/17,Payment/Deposit,Abp Fee,Uncategorized,,,,1.86,,,"-21,230.39"
2/15/17,Payment/Deposit,Bank Interest,Uncategorized,,,,,0.01,,"-21,230.38"
2/23/17,Payment/Deposit,Abp Fee,Uncategorized,,,,1.86,,,"-21,232.24"
3/7/17,Payment/Deposit,Tfr Td Bank. Na. Arnold Tfr Td Bank. Na. Arnold W. And El,Uncategorized,,,,,"8,400.00",,"-12,832.24"
3/8/17,Buy,FREE MARKET US EQTY FD INST CL SHRS,117.259 shares @ 17.36003207,,117.259,862.667,"2,035.62",,"2,035.62","-14,867.86"
3/8/17,Buy,FREE MARKET INTL EQTY FD INST CL SHR,210.322 shares @ 9.71001607,,210.322,"1,179.71","2,042.23",,"2,042.23","-16,910.09"
3/8/17,Buy,FREE MARKET FIXED INCM FD INST CL SHRS,391.997 shares @ 10.24000184,,391.997,"1,640.65","4,014.05",,"4,014.05","-20,924.14"
3/15/17,Payment/Deposit,Bank Interest,Uncategorized,,,,,0.02,,"-20,924.12"
3/23/17,Payment/Deposit,Abp Fee,Uncategorized,,,,1.83,,,"-20,925.95"
4/6/17,Payment/Deposit,Mgmtfee To Advisor Mgmtfee To Advisor,Uncategorized,,,,115.86,,,"-21,041.81"
4/15/17,Payment/Deposit,Bank Interest,Uncategorized,,,,,0.03,,"-21,041.78"
4/24/17,Payment/Deposit,Abp Fee,Uncategorized,,,,2.17,,,"-21,043.95"
5/15/17,Payment/Deposit,Bank Interest,Uncategorized,,,,,0.03,,"-21,043.92"
5/23/17,Payment/Deposit,Abp Fee,Uncategorized,,,,2.1,,,"-21,046.02"
6/15/17,Payment/Deposit,Bank Interest,Uncategorized,,,,,0.03,,"-21,045.99"
6/23/17,Payment/Deposit,Abp Fee,Uncategorized,,,,2.17,,,"-21,048.16"
6/30/17,Reinvest Dividend,FREE MARKET FIXED INCM FD INST CL SHRS,5.849 shares @ 10.29064797,,5.849,"1,646.50",,,60.19,"-21,048.16"
7/7/17,Payment/Deposit,Mgmtfee To Advisor Mgmtfee To Advisor,Uncategorized,,,,112.19,,,"-21,160.35"
7/15/17,Payment/Deposit,Bank Interest,Uncategorized,,,,,0.05,,"-21,160.30"
7/24/17,Payment/Deposit,Abp Fee,Uncategorized,,,,2.1,,,"-21,162.40"
8/15/17,Payment/Deposit,Bank Interest,Uncategorized,,,,,0.05,,"-21,162.35"
8/23/17,Payment/Deposit,Abp Fee,Uncategorized,,,,2.17,,,"-21,164.52"
9/15/17,Payment/Deposit,Bank Interest,Uncategorized,,,,,0.05,,"-21,164.47"
9/25/17,Payment/Deposit,Abp Fee,Uncategorized,,,,2.25,,,"-21,166.72"
9/29/17,Reinvest Dividend,FREE MARKET FIXED INCM FD INST CL SHRS,1.876 shares @ 10.31982942,,1.876,"1,648.38",,,19.36,"-21,166.72"
10/4/17,Payment/Deposit,Mgmtfee To Advisor Mgmtfee To Advisor,Uncategorized,,,,116.25,,,"-21,282.97"
10/15/17,Payment/Deposit,Bank Interest,Uncategorized,,,,,0.05,,"-21,282.92"
10/23/17,Payment/Deposit,Abp Fee,Uncategorized,,,,2.4,,,"-21,285.32"
11/15/17,Payment/Deposit,Bank Interest,Uncategorized,,,,,0.04,,"-21,285.28"
11/24/17,Payment/Deposit,Abp Fee,Uncategorized,,,,2.48,,,"-21,287.76"
12/15/17,Payment/Deposit,Bank Interest,Uncategorized,,,,,0.04,,"-21,287.72"
12/26/17,Payment/Deposit,Abp Fee,Uncategorized,,,,2.4,,,"-21,290.12"
12/26/17,Reinvest Long-term Capital Gain,FREE MARKET US EQTY FD INST CL SHRS,23.543 shares @ 18.8803466,,23.543,886.21,,,444.5,"-21,290.12"
12/26/17,Reinvest Dividend,FREE MARKET US EQTY FD INST CL SHRS,9.037 shares @ 18.88015934,,9.037,895.247,,,170.62,"-21,290.12"
12/26/17,Reinvest Long-term Capital Gain,FREE MARKET FIXED INCM FD INST CL SHRS,1.603 shares @ 10.1996257,,1.603,"1,649.98",,,16.35,"-21,290.12"
12/26/17,Reinvest Dividend,FREE MARKET FIXED INCM FD INST CL SHRS,11.133 shares @ 10.2003054,,11.133,"1,661.11",,,113.56,"-21,290.12"
12/26/17,Reinvest Long-term Capital Gain,FREE MARKET INTL EQTY FD INST CL SHR,11.661 shares @ 11.28033616,,11.661,"1,191.37",,,131.54,"-21,290.12"
12/26/17,Reinvest Dividend,FREE MARKET INTL EQTY FD INST CL SHR,27.412 shares @ 11.28009631,,27.412,"1,218.78",,,309.21,"-21,290.12"
12/26/17,Reinvest Short-term Capital Gain,FREE MARKET INTL EQTY FD INST CL SHR,0.246 shares @ 11.30081301,,0.246,"1,219.03",,,2.78,"-21,290.12"
1/5/18,Payment/Deposit,Mgmtfee To Advisor Mgmtfee To Advisor,IRA Contrib:Investment Fee,,,,119.34,,,"-21,409.46"
1/15/18,Payment/Deposit,Bank Interest,SUPPLEMENTARY INCOME:Interest Earned,,,,,0.05,,"-21,409.41"
1/23/18,Payment/Deposit,Abp Fee,IRA Contrib:Investment Fee,,,,2.48,,,"-21,411.89"
2/15/18,Payment/Deposit,Bank Interest,SUPPLEMENTARY INCOME:Interest Earned,,,,,0.04,,"-21,411.85"
2/23/18,Payment/Deposit,Abp Fee,IRA Contrib:Investment Fee,,,,2.48,,,"-21,414.33"
3/15/18,Payment/Deposit,Bank Interest,SUPPLEMENTARY INCOME:Interest Earned,,,,,0.04,,"-21,414.29"
3/23/18,Payment/Deposit,Abp Fee,IRA Contrib:Investment Fee,,,,2.24,,,"-21,416.53"
4/4/18,Payment/Deposit,Mgmtfee To Advisor Mgmtfee To Advisor,IRA Contrib:Investment Fee,,,,117.55,,,"-21,534.08"
4/15/18,Payment/Deposit,Bank Interest,Investment,,,,,0.04,,"-21,534.04"
4/19/18,Buy,FREE MARKET FIXED INCM FD INST CL SHRS,147.445 shares @ 10.1399844,,147.445,"1,808.56","1,495.09",,"1,495.09","-23,029.13"
4/19/18,Sell,FREE MARKET US EQTY FD INST CL SHRS,31.776 shares @ 18.94008056,31.776,,863.471,,601.84,-601.84,"-22,427.29"
4/19/18,Sell,FREE MARKET INTL EQTY FD INST CL SHR,136.362 shares @ 11.60997932,136.362,,"1,082.67",,"1,583.16","-1,583.16","-20,844.13"
4/23/18,Payment/Deposit,Abp Fee,IRA Contrib:Investment Fee,,,,2.48,,,"-20,846.61"
5/4/18,Payment/Deposit,Reconcile adjustment,Adjustment,,,,,599.56,,"-20,247.05"
5/15/18,Payment/Deposit,Bank Interest,Loan Payment:Interest,,,,,0.1,,"-20,246.95"
5/23/18,Payment/Deposit,Abp Fee,IRA Contrib:Investment Fee,,,,2.4,,,"-20,249.35"
6/15/18,Payment/Deposit,Bank Interest,SUPPLEMENTARY INCOME:Interest Earned,,,,,0.12,,"-20,249.23"
6/25/18,Payment/Deposit,Abp Fee,IRA Contrib:Investment Fee,,,,2.48,,,"-20,251.71"
6/27/18,Reinvest Dividend,FREE MARKET FIXED INCM FD INST CL SHRS,2.219 shares @ 10.18026138,,2.219,"1,810.78",,,22.59,"-20,251.71"
7/6/18,Payment/Deposit,Mgmtfee To Advisor Mgmtfee To Advisor,IRA Contrib:Investment Fee,,,,118.13,,,"-20,369.84"
7/15/18,Payment/Deposit,Bank Interest,SUPPLEMENTARY INCOME:Interest Earned,,,,,0.15,,"-20,369.69"
7/23/18,Payment/Deposit,Abp Fee,IRA Contrib:Investment Fee,,,,2.4,,,"-20,372.09"
8/15/18,Payment/Deposit,Bank Interest,SUPPLEMENTARY INCOME:Interest Inc,,,,,0.16,,"-20,371.93"
8/23/18,Payment/Deposit,Abp Fee,IRA Contrib:Investment Fee,,,,2.48,,,"-20,374.41"
9/15/18,Payment/Deposit,Bank Interest,SUPPLEMENTARY INCOME:Interest Inc,,,,,0.16,,"-20,374.25"
9/24/18,Payment/Deposit,Abp Fee,IRA Contrib:Investment Fee,,,,2.48,,,"-20,376.73"
9/26/18,Reinvest Dividend,FREE MARKET FIXED INCM FD INST CL SHRS,4.628 shares @ 10.15989628,,4.628,"1,815.40",,,47.02,"-20,376.73"
10/4/18,Payment/Deposit,Mgmtfee To Advisor Mgmtfee To Advisor,IRA Contrib:Investment Fee,,,,119.51,,,"-20,496.24"
10/15/18,Payment/Deposit,Bank Int 091618-101518 Schwab Bank Int 091618-101518 Schwab Bank,SUPPLEMENTARY INCOME:Interest Earned,,,,,0.17,,"-20,496.07"
10/23/18,Payment/Deposit,Abp Fee,IRA Contrib:Investment Fee,,,,2.33,,,"-20,498.40"
11/15/18,Payment/Deposit,Bank Int 101618-111518 Schwab Bank Int 101618-111518 Schwab Bank,SUPPLEMENTARY INCOME:Interest Inc,,,,,0.18,,"-20,498.22"
11/23/18,Payment/Deposit,Abp Fee,IRA Contrib:Investment Fee,,,,2.19,,,"-20,500.41"
12/15/18,Payment/Deposit,Bank Int 111618-121518 Schwab Bank Int 111618-121518 Schwab Bank,SUPPLEMENTARY INCOME:Interest Inc,,,,,0.18,,"-20,500.23"
12/24/18,Payment/Deposit,Abp Fee,IRA Contrib:Investment Fee,,,,2.1,,,"-20,502.33"
12/26/18,Reinvest Short-term Capital Gain,FREE MARKET US EQTY FD INST CL SHRS,0.018 shares @ 15.00,,0.018,863.489,,,0.27,"-20,502.33"
12/26/18,Reinvest Dividend,FREE MARKET US EQTY FD INST CL SHRS,8.659 shares @ 15.40016168,,8.659,872.148,,,133.35,"-20,502.33"
12/26/18,Reinvest Long-term Capital Gain,FREE MARKET US EQTY FD INST CL SHRS,42.803 shares @ 15.40008878,,42.803,914.951,,,659.17,"-20,502.33"
12/26/18,Reinvest Dividend,FREE MARKET FIXED INCM FD INST CL SHRS,37.27 shares @ 10.00992756,,37.27,"1,852.67",,,373.07,"-20,502.33"
12/26/18,Reinvest Long-term Capital Gain,FREE MARKET FIXED INCM FD INST CL SHRS,0.388 shares @ 10.00,,0.388,"1,853.06",,,3.88,"-20,502.33"
12/26/18,Reinvest Dividend,FREE MARKET INTL EQTY FD INST CL SHR,22.033 shares @ 8.68016158,,22.033,"1,104.70",,,191.25,"-20,502.33"
12/26/18,Reinvest Short-term Capital Gain,FREE MARKET INTL EQTY FD INST CL SHR,0.257 shares @ 8.6770428,,0.257,"1,104.96",,,2.23,"-20,502.33"
12/26/18,Reinvest Long-term Capital Gain,FREE MARKET INTL EQTY FD INST CL SHR,22.927 shares @ 8.68015876,,22.927,"1,127.88",,,199.01,"-20,502.33"
1/4/19,Payment/Deposit,Mgmtfee To Advisor Mgmtfee To Advisor,IRA Contrib:Investment Fee,,,,107.73,,,"-20,610.06"
1/15/19,Payment/Deposit,Bank Int 121618-011519 Schwab Bank Int 121618-011519 Schwab Bank,SUPPLEMENTARY INCOME:Interest Inc,,,,,0.18,,"-20,609.88"
1/23/19,Payment/Deposit,Abp Fee,IRA Contrib:Investment Fee,,,,2.17,,,"-20,612.05"
2/15/19,Payment/Deposit,Bank Int 011619-021519 Schwab Bank Int 011619-021519 Schwab Bank,SUPPLEMENTARY INCOME:Interest Inc,,,,,0.17,,"-20,611.88"
2/25/19,Payment/Deposit,Abp Fee,IRA Contrib:Investment Fee,,,,2.25,,,"-20,614.13"
3/15/19,Payment/Deposit,Bank Int 021619-031519 Schwab Bank Int 021619-031519 Schwab Bank,SUPPLEMENTARY INCOME:Interest Earned,,,,,0.15,,"-20,613.98"
3/25/19,Payment/Deposit,Abp Fee,IRA Contrib:Investment Fee,,,,2.16,,,"-20,616.14"
4/3/19,Payment/Deposit,Mgmtfee To Advisor Mgmtfee To Advisor,IRA Contrib:Investment Fee,,,,114.56,,,"-20,730.70"
4/15/19,Payment/Deposit,BANK INT 031619-041519 SCHWAB BANK INT 031619-041519 SCHWAB BANK,IRA Contrib:Investment Fee,,,,,0.15,,"-20,730.55"
4/17/19,Buy,FREE MARKET INTL EQTY FD INST CL SHR,107.65 shares @ 9.95002322,,107.65,"1,235.53","1,071.12",,"1,071.12","-21,801.67"
4/17/19,Sell,FREE MARKET US EQTY FD INST CL SHRS,27.572 shares @ 18.00014507,27.572,,887.379,,496.3,-496.3,"-21,305.37"
4/17/19,Sell,FREE MARKET FIXED INCM FD INST CL SHRS,101.439 shares @ 10.22003371,101.439,,"1,751.62",,"1,036.71","-1,036.71","-20,268.66"
4/23/19,Payment/Deposit,Abp Fee,IRA Contrib:Investment Fee,,,,2.42,,,"-20,271.08"
5/15/19,Payment/Deposit,BANK INT 041619-051519 SCHWAB BANK INT 041619-051519 SCHWAB BANK,SUPPLEMENTARY INCOME:Interest Inc,,,,,0.23,,"-20,270.85"
5/23/19,Payment/Deposit,Abp Fee,,,,,2.24,,,"-20,273.09"
6/15/19,Payment/Deposit,BANK INT 051619-061519 SCHWAB BANK INT 051619-061519 SCHWAB BANK,,,,,,0.25,,"-20,272.84"
6/24/19,Payment/Deposit,Abp Fee,,,,,2.18,,,"-20,275.02"
6/27/19,Reinvest Dividend,FREE MARKET FIXED INCM FD INST CL SHRS,4.616 shares @ 10.35961872,,4.616,"1,756.24",,,47.82,"-20,275.02"
7/3/19,Payment/Deposit,Mgmtfee To Advisor Mgmtfee To Advisor,,,,,115.75,,,"-20,390.77"
7/15/19,Payment/Deposit,BANK INT 061619-071519 SCHWAB BANK INT 061619-071519 SCHWAB BANK,,,,,,0.21,,"-20,390.56"
7/15/19,Payment/Deposit,BANK INT 061619-071519 SCHWAB BANK INT 061619-071519 SCHWAB BANK,,,,,,0.21,,"-20,390.35"
7/23/19,Payment/Deposit,Abp Fee,,,,,2.35,,,"-20,392.70"
8/15/19,Payment/Deposit,BANK INT 071619-081519 SCHWAB BANK INT 071619-081519 SCHWAB BANK,,,,,,0.16,,"-20,392.54"
8/23/19,Payment/Deposit,Abp Fee,,,,,2.26,,,"-20,394.80"
9/15/19,Payment/Deposit,BANK INT 081619-091519 SCHWAB BANK INT 081619-091519 SCHWAB BANK,,,,,,0.12,,"-20,394.68"
9/23/19,Payment/Deposit,Abp Fee,,,,,2.3,,,"-20,396.98"
9/27/19,Reinvest Dividend,FREE MARKET FIXED INCM FD INST CL SHRS,4.737 shares @ 10.42009711,,4.737,"1,760.98",,,49.36,"-20,396.98"
10/3/19,Payment/Deposit,Mgmtfee To Advisor Mgmtfee To Advisor,,,,,114.92,,,"-20,511.90"
10/14/19,Payment/Deposit,Reconcile adjustment,,,,,0.21,,,"-20,512.11"
10/15/19,Payment/Deposit,BANK INT 091619-101519 SCHWAB BANK INT 091619-101519 SCHWAB BANK,,,,,,0.09,,"-20,512.02"
10/23/19,Payment/Deposit,Abp Fee,,,,,2.22,,,"-20,514.24"
11/15/19,Payment/Deposit,BANK INT 101619-111519 SCHWAB BANK INT 101619-111519 SCHWAB BANK,Uncategorized,,,,,0.05,,"-20,514.19"
11/25/19,Payment/Deposit,Abp Fee,IRA Contrib:Investment Fee,,,,2.48,,,"-20,516.67"
12/15/19,Payment/Deposit,BANK INT 111619-121519 SCHWAB BANK INT 111619-121519 SCHWAB BANK,SUPPLEMENTARY INCOME:Interest Earned,,,,,0.03,,"-20,516.64"
12/23/19,Payment/Deposit,Abp Fee,IRA Contrib:Investment Fee,,,,2.4,,,"-20,519.04"
12/27/19,Reinvest Dividend,FREE MARKET US EQTY FD INST CL SHRS,7.738 shares @ 18.10933058,,7.738,895.117,,,140.13,"-20,519.04"
12/27/19,Reinvest Long-term Capital Gain,FREE MARKET US EQTY FD INST CL SHRS,41.699 shares @ 18.10978681,,41.699,936.816,,,755.16,"-20,519.04"
12/27/19,Reinvest Dividend,FREE MARKET FIXED INCM FD INST CL SHRS,16.036 shares @ 10.36979297,,16.036,"1,777.01",,,166.29,"-20,519.04"
12/27/19,Reinvest Dividend,FREE MARKET INTL EQTY FD INST CL SHR,17.249 shares @ 10.09971593,,17.249,"1,252.78",,,174.21,"-20,519.04"
12/27/19,Reinvest Long-term Capital Gain,FREE MARKET INTL EQTY FD INST CL SHR,14.372 shares @ 10.10019482,,14.372,"1,267.16",,,145.16,"-20,519.04"
1/6/20,Payment/Deposit,MGMTFEE TO ADVISOR,IRA Contrib:Investment Fee,,,,121.01,,,"-20,640.05"
1/23/20,Payment/Deposit,Abp Fee,IRA Contrib:Investment Fee,,,,2.48,,,"-20,642.53"
1/24/20,Payment/Deposit,Reconcile adjustment,Adjustment,,,,,0.03,,"-20,642.50"
2/15/20,Payment/Deposit,BANK INT 011620-021520 SCHWAB BANK INT 011620-021520 SCHWAB BANK,SUPPLEMENTARY INCOME:Interest Earned,,,,,0.03,,"-20,642.47"
2/24/20,Payment/Deposit,Abp Fee,IRA Contrib:Investment Fee,,,,2.48,,,"-20,644.95"
3/15/20,Payment/Deposit,BANK INT 021620-031520 SCHWAB BANK INT 021620-031520 SCHWAB BANK,SUPPLEMENTARY INCOME:Interest Earned,,,,,0.02,,"-20,644.93"
3/23/20,Payment/Deposit,Abp Fee,IRA Contrib:Investment Fee,,,,1.95,,,"-20,646.88"
3/26/20,Reinvest Dividend,FREE MARKET FIXED INCM FD INST CL SHRS,2.775 shares @ 10.2990991,,2.775,"1,779.79",,,28.58,"-20,646.88"
4/3/20,Payment/Deposit,MGMTFEE TO ADVISOR,IRA Contrib:Investment Fee,,,,96.99,,,"-20,743.87"
4/13/20,Buy,FREE MARKET US EQTY FD INST CL SHRS,103.202 shares @ 13.06001822,,103.202,"1,040.02","1,347.82",,"1,347.82","-22,091.69"
4/13/20,Buy,FREE MARKET INTL EQTY FD INST CL SHR,189.309 shares @ 7.28998621,,189.309,"1,456.46","1,380.06",,"1,380.06","-23,471.75"
4/13/20,Sell,FREE MARKET FIXED INCM FD INST CL SHRS,294.454 shares @ 10.4499854,294.454,,"1,485.33",,"3,077.04","-3,077.04","-20,394.71"
4/23/20,Payment/Deposit,Abp Fee,IRA Contrib:Investment Fee,,,,1.96,,,"-20,396.67"
5/15/20,Payment/Deposit,BANK INT 041620-051520 SCHWAB BANK INT 041620-051520 SCHWAB BANK,SUPPLEMENTARY INCOME:Interest Earned,,,,,0.01,,"-20,396.66"
5/26/20,Payment/Deposit,Abp Fee,SUPPLEMENTARY INCOME:Miscellaneous Cash Income,,,,2.08,,,"-20,398.74"
6/15/20,Payment/Deposit,BANK INT 051620-061520 SCHWAB BANK INT 051620-061520 SCHWAB BANK,SUPPLEMENTARY INCOME:Interest Earned,,,,,0.01,,"-20,398.73"
6/23/20,Payment/Deposit,Abp Fee,IRA Contrib:Investment Fee,,,,2.17,,,"-20,400.90"
6/25/20,Reinvest Dividend,FREE MARKET FIXED INCM FD INST CL SHRS,4.16 shares @ 10.55048077,,4.16,"1,489.49",,,43.89,"-20,400.90"
7/6/20,Payment/Deposit,MGMTFEE TO ADVISOR,IRA Contrib:Investment Fee,,,,108.46,,,"-20,509.36"
7/15/20,Payment/Deposit,BANK INT 061620-071520 SCHWAB BANK INT 061620-071520 SCHWAB BANK,SUPPLEMENTARY INCOME:Miscellaneous Cash Income,,,,,0.01,,"-20,509.35"
7/23/20,Payment/Deposit,Abp Fee,IRA Contrib:Investment Fee,,,,2.1,,,"-20,511.45"
8/15/20,Payment/Deposit,BANK INT 071620-081520 SCHWAB BANK INT 071620-081520 SCHWAB BANK,SUPPLEMENTARY INCOME:Interest Inc,,,,,0.01,,"-20,511.44"
8/24/20,Payment/Deposit,Abp Fee,IRA Contrib:Investment Fee,,,,2.17,,,"-20,513.61"
9/15/20,Payment/Deposit,BANK INT 081620-091520 SCHWAB BANK INT 081620-091520 SCHWAB BANK,SUPPLEMENTARY INCOME:Interest Inc,,,,,0.01,,"-20,513.60"
9/23/20,Payment/Deposit,Abp Fee,IRA Contrib:Investment Fee,,,,2.18,,,"-20,515.78"
9/24/20,Reinvest Dividend,FREE MARKET FIXED INCM FD INST CL SHRS,2.072 shares @ 10.58880309,,2.072,"1,491.57",,,21.94,"-20,515.78"
10/5/20,Payment/Deposit,MGMTFEE TO ADVISOR,IRA Contrib:Investment Fee,,,,111.75,,,"-20,627.53"
10/15/20,Payment/Deposit,BANK INT 091620-101520 SCHWAB BANK INT 091620-101520 SCHWAB BANK,SUPPLEMENTARY INCOME:Interest Inc,,,,,0.01,,"-20,627.52"
10/23/20,Payment/Deposit,Abp Fee,IRA Contrib:Investment Fee,,,,2.22,,,"-20,629.74"
11/23/20,Payment/Deposit,Abp Fee,IRA Contrib:Investment Fee,,,,2.38,,,"-20,632.12"
12/23/20,Payment/Deposit,Abp Fee,IRA Contrib:Investment Fee,,,,2.4,,,"-20,634.52"
12/29/20,Reinvest Long-term Capital Gain,FREE MARKET US EQTY FD INST CL SHRS,12.244 shares @ 18.62054884,,12.244,"1,052.26",,,227.99,"-20,634.52"
12/29/20,Reinvest Dividend,FREE MARKET US EQTY FD INST CL SHRS,4.721 shares @ 18.62105486,,4.721,"1,056.98",,,87.91,"-20,634.52"
12/29/20,Reinvest Long-term Capital Gain,FREE MARKET FIXED INCM FD INST CL SHRS,4.253 shares @ 10.58076652,,4.253,"1,495.82",,,45,"-20,634.52"
12/29/20,Reinvest Short-term Capital Gain,FREE MARKET FIXED INCM FD INST CL SHRS,0.509 shares @ 10.5697446,,0.509,"1,496.33",,,5.38,"-20,634.52"
12/29/20,Reinvest Dividend,FREE MARKET FIXED INCM FD INST CL SHRS,4.861 shares @ 10.58012755,,4.861,"1,501.19",,,51.43,"-20,634.52"
12/29/20,Reinvest Long-term Capital Gain,FREE MARKET INTL EQTY FD INST CL SHR,25.82 shares @ 10.0701007,,25.82,"1,482.28",,,260.01,"-20,634.52"
12/29/20,Reinvest Dividend,FREE MARKET INTL EQTY FD INST CL SHR,18.253 shares @ 10.07012546,,18.253,"1,500.54",,,183.81,"-20,634.52"
1/6/21,Payment/Deposit,MGMTFEE TO ADVISOR,IRA Contrib:Investment Fee,,,,127.42,,,"-20,761.94"
1/14/21,Buy,FREE MARKET FIXED INCM FD INST CL SHRS,407.998 shares @ 10.56000275,,407.998,"1,909.19","4,308.46",,"4,308.46","-25,070.40"
1/14/21,Sell,FREE MARKET INTL EQTY FD INST CL SHR,176.986 shares @ 10.49998305,176.986,,"1,323.55",,"1,858.35","-1,858.35","-23,212.05"
1/14/21,Sell,FREE MARKET US EQTY FD INST CL SHRS,153.92 shares @ 20.2399948,153.92,,903.063,,"3,115.34","-3,115.34","-20,096.71"
1/25/21,Payment/Deposit,Abp Fee,IRA Contrib:Investment Fee,,,,2.65,,,"-20,099.36"
2/15/21,Payment/Deposit,BANK INT 011621-021521 SCHWAB BANK INT 011621-021521 SCHWAB BANK,SUPPLEMENTARY INCOME:Interest Inc,,,,,0.01,,"-20,099.35"
2/23/21,Payment/Deposit,Abp Fee,IRA Contrib:Investment Fee,,,,2.73,,,"-20,102.08"
3/15/21,Payment/Deposit,BANK INT 021621-031521 SCHWAB BANK INT 021621-031521 SCHWAB BANK,SUPPLEMENTARY INCOME:Interest Inc,,,,,0.01,,"-20,102.07"
3/23/21,Payment/Deposit,Abp Fee,IRA Contrib:Investment Fee,,,,2.52,,,"-20,104.59"
4/5/21,Payment/Deposit,MGMTFEE TO ADVISOR,IRA Contrib:Investment Fee,,,,137.62,,,"-20,242.21"
4/15/21,Payment/Deposit,BANK INT 031621-041521 SCHWAB BANK INT 031621-041521 SCHWAB BANK,SUPPLEMENTARY INCOME:Interest Inc,,,,,0.01,,"-20,242.20"
4/23/21,Payment/Deposit,Abp Fee,IRA Contrib:Investment Fee,,,,2.79,,,"-20,244.99"
4/27/21,Payment/Deposit,Reconcile adjustment,Adjustment,,,,,0.01,,"-20,244.98"
5/15/21,Payment/Deposit,BANK INT 041621-051521 SCHWAB BANK INT 041621-051521 SCHWAB BANK,SUPPLEMENTARY INCOME:Interest Inc,,,,,0.01,,"-20,244.97"
5/18/21,Payment/Deposit,Reconcile Adjustment,Adjustment,,,,0.01,,,"-20,244.98"
5/24/21,Payment/Deposit,Abp Fee,IRA Contrib:Investment Fee,,,,2.7,,,"-20,247.68"
6/15/21,Payment/Deposit,BANK INT 051621-061521 SCHWAB BANK INT 051621-061521 SCHWAB BANK,SUPPLEMENTARY INCOME:Interest Inc,,,,,0.01,,"-20,247.67"
6/23/21,Payment/Deposit,Abp Fee,IRA Contrib:Investment Fee,,,,2.79,,,"-20,250.46"
7/2/21,Payment/Deposit,MGMTFEE TO ADVISOR,IRA Contrib:Investment Fee,,,,141.61,,,"-20,392.07"
7/15/21,Payment/Deposit,BANK INT 061621-071521 SCHWAB BANK INT 061621-071521 SCHWAB BANK,SUPPLEMENTARY INCOME:Interest Inc,,,,,0.01,,"-20,392.06"
7/23/21,Payment/Deposit,Abp Fee,IRA Contrib:Investment Fee,,,,2.7,,,"-20,394.76"
8/15/21,Payment/Deposit,BANK INT 071621-081521 SCHWAB BANK INT 071621-081521 SCHWAB BANK,SUPPLEMENTARY INCOME:Interest Inc,,,,,0.01,,"-20,394.75"
8/23/21,Payment/Deposit,Abp Fee,IRA Contrib:Investment Fee,,,,2.79,,,"-20,397.54"
9/15/21,Payment/Deposit,BANK INT 081621-091521 SCHWAB BANK INT 081621-091521 SCHWAB BANK,SUPPLEMENTARY INCOME:Interest Inc,,,,,0.01,,"-20,397.53"
9/23/21,Payment/Deposit,Abp Fee,IRA Contrib:Investment Fee,,,,2.79,,,"-20,400.32"
9/23/21,Reinvest Dividend,FREE MARKET FIXED INCM FD INST CL SHRS,0.861 shares @ 10.52264808,,0.861,"1,910.05",,,9.06,"-20,400.32"
10/4/21,Payment/Deposit,MGMTFEE TO ADVISOR,Advisor Fee,,,,140.19,,,"-20,540.51"
10/15/21,Payment/Deposit,BANK INT 091621-101521 SCHWAB BANK INT 091621-101521 SCHWAB BANK,SUPPLEMENTARY INCOME:Interest Inc,,,,,0.01,,"-20,540.50"
10/25/21,Payment/Deposit,Abp Fee,Advisor Fee,,,,2.7,,,"-20,543.20"
11/15/21,Payment/Deposit,Bank Int Xx,Personal Income,,,,,0.01,,"-20,543.19"
11/23/21,Miscellaneous Expense,,Advisor Fee,,,,2.95,,,"-20,546.14"
12/15/21,Payment/Deposit,Bank Int Xx,Interest Exp,,,,,0.01,,"-20,546.13"
12/23/21,Miscellaneous Expense,,Advisor Fee,,,,2.7,,,"-20,548.83"
12/28/21,Reinvest Short-term Capital Gain,FREE MARKET US EQTY FD INST CL SHRS,24.062 shares @ 23.7798188,,24.062,927.125,,,572.19,"-20,548.83"
12/28/21,Reinvest Short-term Capital Gain,FREE MARKET US EQTY FD INST CL SHRS,0.049 shares @ 23.87755102,,0.049,927.174,,,1.17,"-20,548.83"
12/28/21,Reinvest Dividend,FREE MARKET US EQTY FD INST CL SHRS,15.479 shares @ 23.77995995,,15.479,942.653,,,368.09,"-20,548.83"
12/28/21,Reinvest Dividend,FREE MARKET INTL EQTY FD INST CL SHR,17.448 shares @ 11.33023842,,17.448,"1,341.00",,,197.69,"-20,548.83"
12/28/21,Reinvest Dividend,FREE MARKET FIXED INCM FD INST CL SHRS,6.169 shares @ 10.42956719,,6.169,"1,916.22",,,64.34,"-20,548.83"
1/5/22,Miscellaneous Expense,,Advisor Fee,,,,144.35,,,"-20,693.18"
1/13/22,Sell,FREE MARKET US EQTY FD INST CL SHRS,109.799 shares @ 24.00996366,109.799,,832.854,,"2,636.27","-2,636.27","-18,056.91"
1/13/22,Sell,FREE MARKET INTL EQTY FD INST CL SHR,44.014 shares @ 11.77988822,44.014,,"1,296.99",,518.48,-518.48,"-17,538.43"
1/13/22,Buy,FREE MARKET FIXED INCM FD INST CL SHRS,240.544 shares @ 10.38001364,,240.544,"2,156.76","2,496.85",,"2,496.85","-20,035.28"
1/15/22,Payment/Deposit,Bank Int Xx,Interest Exp,,,,,0.01,,"-20,035.27"
1/24/22,Miscellaneous Expense,,Advisor Fee,,,,2.88,,,"-20,038.15"
2/15/22,Payment/Deposit,Bank Int Xx,Personal Income,,,,,0.01,,"-20,038.14"
2/23/22,Miscellaneous Expense,,Advisor Fee,,,,2.79,,,"-20,040.93"
3/15/22,Payment/Deposit,Bank Int Xx,Personal Income,,,,,0.01,,"-20,040.92"
3/23/22,Miscellaneous Expense,,Advisor Fee,,,,2.52,,,"-20,043.44"
4/4/22,Miscellaneous Expense,,Advisor Fee,,,,140.11,,,"-20,183.55"
4/15/22,Payment/Deposit,Bank Int Xx,Personal Income,,,,,0.01,,"-20,183.54"
4/25/22,Miscellaneous Expense,,Advisor Fee,,,,2.79,,,"-20,186.33"
5/15/22,Payment/Deposit,Bank Int Xx,Personal Income,,,,,0.01,,"-20,186.32"
5/23/22,Miscellaneous Expense,,Advisor Fee,,,,2.7,,,"-20,189.02"
6/15/22,Payment/Deposit,Bank Int Xx,Personal Income,,,,,0.01,,"-20,189.01"
6/23/22,Miscellaneous Expense,,Advisor Fee,,,,2.69,,,"-20,191.70"
6/28/22,Reinvest Dividend,FREE MARKET FIXED INCM FD INST CL SHRS,3.51 shares @ 9.8005698,,3.51,"2,160.27",,,34.4,"-20,191.70"
7/5/22,Miscellaneous Expense,,Advisor Fee,,,,127.48,,,"-20,319.18"
7/15/22,Payment/Deposit,Bank Int Xx,Personal Income,,,,,0.09,,"-20,319.09"
7/25/22,Miscellaneous Expense,,Advisor Fee,,,,2.4,,,"-20,321.49"
8/15/22,Payment/Deposit,Bank Int Xx,Personal Income,,,,,0.14,,"-20,321.35"
8/24/22,Miscellaneous Expense,,Advisor Fee,,,,2.75,,,"-20,324.10"
9/15/22,Payment/Deposit,Bank Int Xx,Personal Income,,,,,0.19,,"-20,323.91"
9/23/22,Miscellaneous Expense,,Advisor Fee,,,,2.56,,,"-20,326.47"
9/27/22,Reinvest Dividend,FREE MARKET FIXED INCM FD INST CL SHRS,2.079 shares @ 9.58152958,,2.079,"2,162.35",,,19.92,"-20,326.47"
10/5/22,Miscellaneous Expense,,Advisor Fee,,,,120.92,,,"-20,447.39"
10/15/22,Payment/Deposit,Bank Int Xx,Personal Income,,,,,0.23,,"-20,447.16"
10/24/22,Miscellaneous Expense,,Advisor Fee,,,,2.4,,,"-20,449.56"
11/15/22,Payment/Deposit,Bank Int Xx,Personal Income,,,,,0.26,,"-20,449.30"
11/23/22,Miscellaneous Expense,,Personal Income,,,,2.61,,,"-20,451.91"
12/15/22,Payment/Deposit,Bank Int Xx,Personal Income,,,,,0.25,,"-20,451.66"
12/23/22,Miscellaneous Expense,,Personal Income,,,,2.69,,,"-20,454.35"
12/28/22,Reinvest Dividend,FREE MARKET INTL EQTY FD INST CL SHR,45.338 shares @ 9.75009925,,45.338,"1,342.32",,,442.05,"-20,454.35"
12/28/22,Reinvest Dividend,FREE MARKET FIXED INCM FD INST CL SHRS,23.493 shares @ 9.61988677,,23.493,"2,185.84",,,226,"-20,454.35"
12/28/22,Reinvest Long-term Capital Gain,FREE MARKET US EQTY FD INST CL SHRS,60.667 shares @ 19.37989352,,60.667,893.521,,,"1,175.72","-20,454.35"
12/28/22,Reinvest Dividend,FREE MARKET US EQTY FD INST CL SHRS,9.142 shares @ 19.38087946,,9.142,902.663,,,177.18,"-20,454.35"
1/4/23,Miscellaneous Expense,,Advisor Fee,,,,130.55,,,"-20,584.90"
1/12/23,Sell,FREE MARKET US EQTY FD INST CL SHRS,5.187 shares @ 20.69018701,5.187,,897.476,,107.32,-107.32,"-20,477.58"
1/12/23,Sell,FREE MARKET FIXED INCM FD INST CL SHRS,68.154 shares @ 9.74000059,68.154,,"2,117.69",,663.82,-663.82,"-19,813.76"
1/12/23,Buy,FREE MARKET INTL EQTY FD INST CL SHR,29.821 shares @ 10.41011368,,29.821,"1,372.14",310.44,,310.44,"-20,124.20"
1/15/23,Payment/Deposit,Bank Int Xx,Personal Income,,,,,0.26,,"-20,123.94"
1/23/23,Miscellaneous Expense,,Advisor Fee,,,,2.78,,,"-20,126.72"
2/15/23,Payment/Deposit,Bank Int Xx,Personal Income,,,,,0.41,,"-20,126.31"
2/23/23,Miscellaneous Expense,,Advisor Fee,,,,2.79,,,"-20,129.10"
3/15/23,Payment/Deposit,Bank Int Xx,Personal Income,,,,,0.37,,"-20,128.73"
3/23/23,Miscellaneous Expense,,Advisor Fee,,,,2.48,,,"-20,131.21"
3/28/23,Reinvest Dividend,FREE MARKET FIXED INCM FD INST CL SHRS,2.183 shares @ 9.7709574,,2.183,"2,119.87",,,21.33,"-20,131.21"
4/4/23,Miscellaneous Expense,,Advisor Fee,,,,134.07,,,"-20,265.28"
4/15/23,Payment/Deposit,Bank Int Xx,Personal Income,,,,,0.39,,"-20,264.89"
4/18/23,Payment/Deposit,Reconcile Adjustment,Adjustment,,,,,"21,209.47",,944.58
4/24/23,Miscellaneous Expense,,Advisor Fee,,,,2.79,,,941.79
5/15/23,Payment/Deposit,Bank Int Xx,Personal Income,,,,,0.35,,942.14
5/23/23,Miscellaneous Expense,,Advisor Fee,,,,2.7,,,939.44
6/15/23,Payment/Deposit,Bank Int Xx,Personal Income,,,,,0.36,,939.8
6/23/23,Miscellaneous Expense,,Advisor Fee,,,,2.79,,,937.01
6/27/23,Reinvest Dividend,FREE MARKET FIXED INCM FD INST CL SHRS,6.865 shares @ 9.76984705,,6.865,"2,126.74",,,67.07,937.01
7/5/23,Miscellaneous Expense,,Advisor Fee,,,,136.52,,,800.49
7/15/23,Payment/Deposit,Bank Int Xx,Personal Income,,,,,0.33,,800.82
7/24/23,Miscellaneous Expense,,Advisor Fee,,,,2.7,,,798.12
8/15/23,Payment/Deposit,Bank Int Xx,Personal Income,,,,,0.3,,798.42
8/23/23,Miscellaneous Expense,,Advisor Fee,,,,2.79,,,795.63
9/15/23,Payment/Deposit,Bank Int Xx,Personal Income,,,,,0.3,,795.93
9/25/23,Miscellaneous Expense,,Advisor Fee,,,,2.79,,,793.14
9/26/23,Reinvest Dividend,FREE MARKET FIXED INCM FD INST CL SHRS,1.972 shares @ 9.7515213,,1.972,"2,128.71",,,19.23,793.14
10/4/23,Miscellaneous Expense,,Advisor Fee,,,,134.72,,,658.42
10/15/23,Payment/Deposit,Bank Int Xx,Personal Income,,,,,0.27,,658.69
10/23/23,Miscellaneous Expense,,Advisor Fee,,,,2.7,,,655.99
11/15/23,Payment/Deposit,Bank Int Xx,Personal Income,,,,,0.25,,656.24
11/24/23,Miscellaneous Expense,,Advisor Fee,,,,2.79,,,653.45
12/15/23,Payment/Deposit,Bank Int Xx,Personal Income,,,,,0.24,,653.69
12/26/23,Miscellaneous Expense,,Advisor Fee,,,,2.7,,,650.99
12/28/23,Reinvest Dividend,FREE MARKET INTL EQTY FD INST CL SHR,34.261 shares @ 11.13014798,,34.261,"1,406.41",,,381.33,650.99
12/28/23,Reinvest Long-term Capital Gain,FREE MARKET US EQTY FD INST CL SHRS,26.504 shares @ 22.30040749,,26.504,923.98,,,591.05,650.99
12/28/23,Reinvest Dividend,FREE MARKET FIXED INCM FD INST CL SHRS,47.523 shares @ 9.8699577,,47.523,"2,176.23",,,469.05,650.99
12/28/23,Reinvest Dividend,FREE MARKET US EQTY FD INST CL SHRS,10.149 shares @ 22.30071928,,10.149,934.129,,,226.33,650.99
1/4/24,Miscellaneous Expense,,Advisor Fee,,,,144.75,,,506.24
1/5/24,Buy,,0 shares,,,,,,,506.24
1/15/24,Payment/Deposit,Bank Int Xx,Personal Income,,,,,0.23,,506.47
1/18/24,Buy,FREE MARKET FIXED INCM FD INST CL SHRS,21.442 shares @ 9.84003358,,21.442,"2,197.67",210.99,,210.99,295.48
1/18/24,Sell,FREE MARKET US EQTY FD INST CL SHRS,27.014 shares @ 21.47997335,27.014,,907.115,,580.26,-580.26,875.74
1/18/24,Sell,FREE MARKET INTL EQTY FD INST CL SHR,24.881 shares @ 10.79016117,24.881,,"1,381.52",,268.47,-268.47,"1,144.21"
1/23/24,Miscellaneous Expense,,Advisor Fee,,,,2.85,,,"1,141.36"
2/15/24,Payment/Deposit,Bank Int Xx,Personal Income,,,,,0.41,,"1,141.77"
2/23/24,Miscellaneous Expense,,Advisor Fee,,,,2.79,,,"1,138.98"
3/15/24,Payment/Deposit,Bank Int Xx,Personal Income,,,,,0.41,,"1,139.39"
3/25/24,Miscellaneous Expense,,Advisor Fee,,,,2.81,,,"1,136.58"
3/28/24,Reinvest Dividend,FREE MARKET FIXED INCM FD INST CL SHRS,5.884 shares @ 9.89972808,,5.884,"2,203.56",,,58.25,"1,136.58"
4/3/24,Miscellaneous Expense,,Advisor Fee,,,,149.94,,,986.64
4/15/24,Payment/Deposit,Bank Int Xx,Personal Income,,,,,0.41,,987.05
4/23/24,Miscellaneous Expense,,Advisor Fee,,,,3.02,,,984.03
5/15/24,Payment/Deposit,Bank Int Xx,Personal Income,,,,,0.36,,984.39
5/23/24,Miscellaneous Expense,,Advisor Fee,,,,2.99,,,981.4
6/15/24,Payment/Deposit,Bank Int Xx,Personal Income,,,,,0.37,,981.77
6/24/24,Miscellaneous Expense,,Advisor Fee,,,,3.1,,,978.67
6/27/24,Reinvest Dividend,FREE MARKET FIXED INCM FD INST CL SHRS,9.627 shares @ 9.93040407,,9.627,"2,213.18",,,95.6,978.67
7/2/24,Miscellaneous Expense,,Advisor Fee,,,,149.16,,,829.51
7/15/24,Payment/Deposit,Bank Int Xx,Personal Income,,,,,0.34,,829.85
7/22/24,Miscellaneous Expense,,Advisor Fee,,,,3,,,826.85
8/14/24,Payment/Deposit,Bank Int Xx,Personal Income,,,,,0.31,,827.16
8/22/24,Miscellaneous Expense,,Advisor Fee,,,,3.1,,,824.06
9/14/24,Payment/Deposit,Bank Int Xx,Personal Income,,,,,0.31,,824.37
9/22/24,Miscellaneous Expense,,Advisor Fee,,,,3.1,,,821.27
9/25/24,Reinvest Dividend,FREE MARKET FIXED INCM FD INST CL SHRS,2.342 shares @ 10.19214347,,2.342,"2,215.53",,,23.87,821.27
10/2/24,Miscellaneous Expense,MGMTFEE TO ADVISOR,Advisor Fee,,,,157.17,,,664.1
10/14/24,Payment/Deposit,Bank Int Xx,Personal Income,,,,,0.14,,664.24
10/22/24,Miscellaneous Expense,MGMTFEE TO ADVISOR,Advisor Fee,,,,3,,,661.24
11/14/24,Payment/Deposit,Bank Int Xx,Personal Income,,,,,0.1,,661.34
11/25/24,Miscellaneous Expense,MGMTFEE TO ADVISOR,Advisor Fee,,,,3.1,,,658.24
12/15/24,Payment/Deposit,Bank Int Xx,Personal Income,,,,,0.05,,658.29
12/23/24,Miscellaneous Expense,MGMTFEE TO ADVISOR,Advisor Fee,,,,3,,,655.29
12/27/24,Reinvest Dividend,FREE MARKET FIXED INCM FD INST CL SHRS,68.283 shares @ 9.85999443,,68.283,"2,283.81",,,673.27,655.29
12/27/24,Reinvest Dividend,FREE MARKET INTL EQTY FD INST CL SHR,50.673 shares @ 11.41002112,,50.673,"1,432.20",,,578.18,655.29
12/27/24,Reinvest Long-term Capital Gain,FREE MARKET US EQTY FD INST CL SHRS,25.014 shares @ 24.04013752,,25.014,932.129,,,601.34,655.29
12/27/24,Reinvest Dividend,FREE MARKET US EQTY FD INST CL SHRS,9.541 shares @ 24.03940887,,9.541,941.67,,,229.36,655.29
1/6/25,Miscellaneous Expense,MGMTFEE TO ADVISOR,Advisor Fee,,,,153.53,,,501.76
1/15/25,Payment/Deposit,Bank Int Xx,Personal Income,,,,,0.03,,501.79
1/16/25,Sell,FREE MARKET INTL EQTY FD INST CL SHR,13.067 shares @ 11.45021811,13.067,,"1,419.13",,149.62,-149.62,651.41
1/16/25,Sell,FREE MARKET US EQTY FD INST CL SHRS,73.005 shares @ 24.46996781,73.005,,868.665,,"1,786.43","-1,786.43","2,437.84"
1/16/25,Buy,FREE MARKET FIXED INCM FD INST CL SHRS,120.106 shares @ 9.88002265,,120.106,"2,403.92","1,186.65",,"1,186.65","1,251.19"
1/23/25,Miscellaneous Expense,MGMTFEE TO ADVISOR,Advisor Fee,,,,3.1,,,"1,248.09"
2/15/25,Payment/Deposit,Bank Int Xx,Personal Income,,,,,0.05,,"1,248.14"
2/24/25,Miscellaneous Expense,MGMTFEE TO ADVISOR,Advisor Fee,,,,3.1,,,"1,245.04"
3/15/25,Payment/Deposit,Bank Int Xx,Personal Income,,,,,0.05,,"1,245.09"
3/24/25,Miscellaneous Expense,MGMTFEE TO ADVISOR,Advisor Fee,,,,2.8,,,"1,242.29"
3/28/25,Reinvest Dividend,FREE MARKET FIXED INCM FD INST CL SHRS,2.949 shares @ 9.98982706,,2.949,"2,406.86",,,29.46,"1,242.29"
4/3/25,Miscellaneous Expense,MGMTFEE TO ADVISOR,Advisor Fee,,,,155.03,,,"1,087.26"
4/15/25,Payment/Deposit,Bank Int Xx,Personal Income,,,,,0.05,,"1,087.31"
4/23/25,Miscellaneous Expense,MGMTFEE TO ADVISOR,Advisor Fee,,,,3.07,,,"1,084.24"
5/15/25,Payment/Deposit,Bank Int Xx,Personal Income,,,,,0.04,,"1,084.28"
5/23/25,Miscellaneous Expense,MGMTFEE TO ADVISOR,Advisor Fee,,,,3,,,"1,081.28"
6/15/25,Payment/Deposit,Bank Int Xx,Personal Income,,,,,0.05,,"1,081.33"
6/23/25,Miscellaneous Expense,MGMTFEE TO ADVISOR,Advisor Fee,,,,3.27,,,"1,078.06"
6/27/25,Reinvest Dividend,FREE MARKET FIXED INCM FD INST CL SHRS,12.422 shares @ 10.07969731,,12.422,"2,419.29",,,125.21,"1,078.06"
7/2/25,Miscellaneous Expense,MGMTFEE TO ADVISOR,Advisor Fee,,,,164.33,,,913.73
7/15/25,Payment/Deposit,Bank Int Xx,Personal Income,,,,,0.04,,913.77
7/23/25,Miscellaneous Expense,MGMTFEE TO ADVISOR,Advisor Fee,,,,3.3,,,910.47
8/15/25,Payment/Deposit,Bank Int Xx,Personal Income,,,,,0.04,,910.51
8/25/25,Miscellaneous Expense,MGMTFEE TO ADVISOR,Advisor Fee,,,,3.41,,,907.1
9/15/25,Payment/Deposit,Bank Int Xx,Personal Income,,,,,0.04,,907.14
9/23/25,Miscellaneous Expense,MGMTFEE TO ADVISOR,Advisor Fee,,,,3.41,,,903.73
9/30/25,Reinvest Dividend,FREE MARKET FIXED INCM FD INST CL SHRS,31.082 shares @ 10.08011067,,31.082,"2,450.37",,,313.31,903.73
10/2/25,Miscellaneous Expense,MGMTFEE TO ADVISOR,Advisor Fee,,,,173.14,,,730.59
10/15/25,Payment/Deposit,Bank Int Xx,Personal Income,,,,,0.03,,730.62
10/16/25,Buy,FREE MARKET FIXED INCM FD INST CL SHRS,170.04 shares @ 10.13002823,,170.04,"2,620.41","1,722.51",,"1,722.51",-991.89
10/16/25,Sell,FREE MARKET INTL EQTY FD INST CL SHR,229.266 shares @ 15.27998046,229.266,,"1,189.86",,"3,503.18","-3,503.18","2,511.29"
10/16/25,Buy,FREE MARKET US EQTY FD INST CL SHRS,43.169 shares @ 25.6802335,,43.169,911.834,"1,108.59",,"1,108.59","1,402.70"
10/23/25,Miscellaneous Expense,MGMTFEE TO ADVISOR,Advisor Fee,,,,3.3,,,"1,399.40"
11/15/25,Payment/Deposit,Bank Int Xx,Personal Income,,,,,0.06,,"1,399.46"
11/24/25,Miscellaneous Expense,MGMTFEE TO ADVISOR,Advisor Fee,,,,3.41,,,"1,396.05"
12/15/25,Payment/Deposit,Bank Int Xx,Personal Income,,,,,0.05,,"1,396.10"
12/23/25,Miscellaneous Expense,MGMTFEE TO ADVISOR,Advisor Fee,,,,3.47,,,"1,392.63"
12/29/25,Reinvest Dividend,FREE MARKET US EQTY FD INST CL SHRS,8.309 shares @ 26.80105909,,8.309,920.143,,,222.69,"1,392.63"
12/29/25,Reinvest Dividend,FREE MARKET FIXED INCM FD INST CL SHRS,40.671 shares @ 10.01008089,,40.671,"2,661.08",,,407.12,"1,392.63"
12/29/25,Reinvest Dividend,FREE MARKET INTL EQTY FD INST CL SHR,55.688 shares @ 15.56996121,,55.688,"1,245.55",,,867.06,"1,392.63"
12/29/25,Reinvest Long-term Capital Gain,FREE MARKET US EQTY FD INST CL SHRS,8.576 shares @ 26.79920709,,8.576,928.719,,,229.83,"1,392.63"
1/6/26,Miscellaneous Expense,MGMTFEE TO ADVISOR,Advisor Fee,,,,178.1,,,"1,214.53"
1/15/26,Payment/Deposit,Bank Int Xx,Personal Income,,,,,0.01,,"1,214.54"
1/23/26,Miscellaneous Expense,MGMTFEE TO ADVISOR,Advisor Fee,,,,3.72,,,"1,210.82"
2/15/26,Payment/Deposit,Bank Int Xx,Personal Income,,,,,0.01,,"1,210.83"
2/23/26,Miscellaneous Expense,MGMTFEE TO ADVISOR,Advisor Fee,,,,3.72,,,"1,207.11"
3/15/26,Payment/Deposit,Bank Int Xx,Personal Income,,,,,0.01,,"1,207.12"
3/23/26,Miscellaneous Expense,MGMTFEE TO ADVISOR,Advisor Fee,,,,3.36,,,"1,203.76"
3/30/26,Reinvest Dividend,FREE MARKET FIXED INCM FD INST CL SHRS,7.991 shares @ 9.98998874,,7.991,"2,669.07",,,79.83,"1,203.76"
4/2/26,Miscellaneous Expense,MGMTFEE TO ADVISOR,Advisor Fee,,,,181.57,,,"1,022.19"
4/15/26,Payment/Deposit,Bank Int Xx,Personal Income,,,,,0.01,,"1,022.20"
4/23/26,Miscellaneous Expense,MGMTFEE TO ADVISOR,Advisor Fee,,,,3.72,,,"1,018.48"
5/15/26,Payment/Deposit,Bank Int Xx,Personal Income,,,,,0.01,,"1,018.49"
5/26/26,Miscellaneous Expense,MGMTFEE TO ADVISOR,Advisor Fee,,,,3.72,,,"1,014.77"
6/15/26,Payment/Deposit,Bank Int Xx,Personal Income,,,,,0.01,,"1,014.78"
6/23/26,Miscellaneous Expense,MGMTFEE TO ADVISOR,Advisor Fee,,,,4.03,,,"1,010.75"
6/29/26,Reinvest Dividend,FREE MARKET FIXED INCM FD INST CL SHRS,17.28 shares @ 10.03993056,,17.28,"2,686.35",,,173.49,"1,010.75"
7/2/26,Miscellaneous Expense,MGMTFEE TO ADVISOR,Uncategorized,,,,194.67,,,816.08
7/15/26,Payment/Deposit,Bank Int Xx,Personal Income,,,,,0.01,,816.09
7/23/26,Miscellaneous Expense,MGMTFEE TO ADVISOR,Uncategorized,,,,3.9,,,812.19
8/15/26,Payment/Deposit,Bank Int Xx,Personal Income,,,,,0.01,,812.2
8/24/26,Miscellaneous Expense,MGMTFEE TO ADVISOR,Uncategorized,,,,4.03,,,808.17